519.798340, 575.894165, 339.488922, 205.517380, 0.069702, -0.114878, 1.876000
775.875000, 576.208191, 252.508331, 205.072144, -0.201229, -0.116960, 1.910000
775.875000, 319.903198, 249.454880, 286.919037, -0.187900, 0.122287, 1.704000
520.113953, 319.862427, 337.254089, 287.687164, 0.056645, 0.122736, 1.672000
169.875000, 716.875000, 460.092102, 161.286331, 0.476131, -0.270035, 2.023000
297.937408, 716.875000, 416.763062, 160.932739, 0.329672, -0.272816, 2.019000
297.843658, 588.875000, 415.936462, 201.580704, 0.305351, -0.128080, 1.889000
169.875000, 588.875000, 459.598694, 201.576645, 0.443135, -0.128555, 1.896000
734.798340, 610.894165, 266.457275, 193.966019, -0.159159, -0.156293, 1.931000
990.875000, 611.208191, 179.531296, 193.181381, -0.439070, -0.157993, 1.952000
990.875000, 354.903198, 175.547318, 275.010864, -0.402785, 0.093443, 1.740000
735.113953, 354.862427, 263.530365, 275.701202, -0.151006, 0.092852, 1.729000
17.798321, 699.894165, 512.526550, 166.340881, 0.607740, -0.237517, 1.896000
273.875000, 700.208191, 424.933350, 166.755112, 0.351544, -0.249668, 1.993000
273.875000, 443.896667, 423.385529, 247.993317, 0.310183, 0.013716, 1.775000
18.113945, 443.884583, 512.320496, 248.484406, 0.566070, 0.016547, 1.766000
795.798340, 726.894165, 247.084335, 157.129639, -0.232883, -0.287243, 2.051000
1051.875000, 727.208191, 160.270615, 156.052032, -0.518002, -0.286643, 2.023000
1051.875000, 470.920349, 156.269073, 237.559097, -0.480837, -0.015915, 1.831000
796.113953, 470.876526, 243.990646, 238.049622, -0.218699, -0.012838, 1.821000
724.798340, 506.894104, 268.764374, 227.120682, -0.145630, -0.046206, 1.840000
980.875000, 507.208252, 181.484497, 226.484253, -0.411396, -0.049655, 1.856000
980.875000, 250.898682, 177.263229, 309.164612, -0.378372, 0.181601, 1.658000
725.113953, 250.866943, 265.689178, 309.836731, -0.138112, 0.179958, 1.643000
980.798340, 538.894165, 181.553360, 216.349991, -0.419597, -0.081728, 1.893000
1236.875000, 539.208191, 92.820007, 215.445923, -0.692999, -0.084522, 1.886000
1236.875000, 282.875000, 87.584190, 298.354187, -0.632944, 0.154124, 1.685000
981.113953, 282.875000, 177.298752, 298.831268, -0.383849, 0.153850, 1.682000
229.798325, 528.894165, 438.702942, 220.920486, 0.367350, -0.067464, 1.843000
485.875000, 529.208191, 351.196472, 220.817657, 0.104192, -0.067135, 1.834000
485.875000, 272.875000, 349.115601, 302.963593, 0.088119, 0.161368, 1.646000
230.113953, 272.875000, 437.517517, 303.759613, 0.326376, 0.164569, 1.651000
79.875000, 160.906281, 490.468506, 342.006134, 0.446666, 0.257033, 1.570000
207.906219, 160.875031, 445.600952, 341.218170, 0.332835, 0.255914, 1.579000
207.874969, 32.875004, 445.446503, 383.858246, 0.315972, 0.346323, 1.499000
79.875000, 32.874996, 490.806244, 384.964233, 0.427035, 0.349250, 1.501000
511.798340, 291.894104, 339.844879, 297.019043, 0.061528, 0.148752, 1.656000
767.875000, 292.208252, 251.776306, 296.813812, -0.178573, 0.147180, 1.669000
767.875000, 35.885078, 248.477951, 381.007812, -0.169876, 0.345728, 1.518000
512.113953, 35.880547, 337.637970, 381.613220, 0.051225, 0.344362, 1.512000
118.798325, 541.894165, 476.996826, 217.138611, 0.481285, -0.076418, 1.840000
374.875000, 542.208191, 389.242065, 216.632919, 0.218351, -0.079181, 1.834000
374.875000, 285.875000, 387.669373, 299.014862, 0.191155, 0.153725, 1.651000
119.113960, 285.875000, 476.513519, 299.966248, 0.432372, 0.153911, 1.653000
381.798309, 547.894165, 386.516479, 214.701141, 0.211165, -0.085947, 1.850000
637.875000, 548.208191, 299.280273, 214.134995, -0.052565, -0.086086, 1.853000
637.875000, 291.898682, 296.738190, 296.528015, -0.055647, 0.147444, 1.672000
382.113983, 291.866943, 384.793579, 297.040588, 0.183596, 0.148752, 1.656000
1109.875000, 429.962616, 134.754913, 251.053543, -0.537264, 0.025718, 1.799000
1237.875000, 429.850098, 90.250168, 250.459305, -0.662477, 0.022612, 1.787000
1237.875000, 301.931183, 87.600021, 292.218689, -0.637076, 0.138422, 1.696000
1109.875000, 301.849915, 132.373154, 292.465851, -0.516890, 0.139727, 1.712000
24.818800, 386.968933, 509.783966, 267.068848, 0.544766, 0.070019, 1.726000
152.918686, 386.843842, 465.189178, 266.888733, 0.422558, 0.067535, 1.735000
152.862442, 258.875000, 464.835999, 308.576630, 0.396735, 0.176937, 1.640000
25.025202, 258.875000, 509.927399, 308.966705, 0.517623, 0.176937, 1.640000
337.798309, 635.894165, 402.162079, 186.867981, 0.270458, -0.178118, 1.927000
593.875000, 636.208191, 315.230255, 186.254105, -0.004198, -0.179782, 1.945000
593.875000, 379.910278, 312.701721, 268.011932, -0.012229, 0.072979, 1.729000
338.113983, 379.870972, 400.665558, 268.539978, 0.235497, 0.072515, 1.718000
1116.875000, 435.025208, 132.410690, 249.299484, -0.542252, 0.019777, 1.796000
1244.875000, 434.818939, 87.767120, 248.796173, -0.679522, 0.016950, 1.809000
1244.875000, 306.875000, 85.114388, 290.328278, -0.643390, 0.133009, 1.698000
1116.875000, 306.875000, 129.944275, 290.846985, -0.523769, 0.133714, 1.707000
223.798325, 480.894104, 440.492584, 236.272430, 0.363866, -0.018560, 1.796000
479.875000, 481.208252, 352.725403, 236.128220, 0.105151, -0.018591, 1.799000
479.875000, 224.920837, 350.814758, 318.827301, 0.090815, 0.204611, 1.646000
224.113968, 224.860413, 439.593018, 319.562744, 0.326560, 0.204669, 1.625000
2.798321, 635.894165, 517.256531, 186.666733, 0.604860, -0.170077, 1.840000
258.875000, 636.208191, 429.670502, 187.152344, 0.356423, -0.175317, 1.931000
258.875000, 379.910278, 428.352753, 268.919891, 0.314659, 0.072600, 1.720000
3.113961, 379.870972, 517.285583, 269.192383, 0.566398, 0.075555, 1.723000
4.875000, 427.987640, 516.975098, 254.005646, 0.572080, 0.033618, 1.749000
132.875000, 427.856384, 472.422577, 253.744919, 0.449593, 0.030993, 1.763000
132.875000, 299.875000, 471.948547, 295.262329, 0.423647, 0.144699, 1.672000
4.875000, 299.875000, 516.870239, 295.810760, 0.542315, 0.143487, 1.658000
200.798325, 369.894104, 448.059692, 272.173187, 0.371008, 0.083896, 1.720000
456.875000, 370.208252, 359.863220, 272.146606, 0.120255, 0.083896, 1.720000
456.875000, 113.914795, 358.046906, 355.620575, 0.106240, 0.287955, 1.556000
201.113953, 113.866455, 447.506989, 356.742615, 0.332014, 0.289576, 1.551000
66.875000, 246.006424, 495.073334, 313.582001, 0.479428, 0.190169, 1.638000
194.956116, 245.837555, 450.303864, 313.063873, 0.355402, 0.188427, 1.623000
194.856232, 117.968605, 449.935181, 355.524200, 0.338617, 0.288325, 1.558000
66.875000, 117.843628, 495.310303, 356.199585, 0.453378, 0.289203, 1.549000
152.862549, 553.875000, 465.570953, 212.998215, 0.453732, -0.092669, 1.863000
280.937408, 553.875000, 421.731537, 213.122223, 0.316714, -0.088840, 1.847000
280.843658, 425.875000, 420.870087, 253.791092, 0.298064, 0.030852, 1.755000
152.918808, 425.875000, 464.958466, 254.319855, 0.426006, 0.033849, 1.761000
717.798340, 464.894104, 270.541870, 240.663132, -0.136492, -0.006775, 1.799000
973.875000, 465.208252, 183.089523, 239.997787, -0.398983, -0.009881, 1.827000
973.875000, 208.896667, 179.004745, 322.909302, -0.370241, 0.215422, 1.646000
718.113892, 208.884583, 267.637054, 323.354736, -0.131114, 0.215076, 1.623000
246.875000, 661.875000, 433.329041, 178.531021, 0.373089, -0.206070, 1.952000
374.875000, 661.875000, 390.177185, 178.345779, 0.233908, -0.204592, 1.938000
374.875000, 533.875000, 389.241974, 218.912827, 0.218708, -0.073277, 1.837000
246.875000, 533.875000, 432.918549, 218.947647, 0.349237, -0.073517, 1.843000
735.798340, 511.894135, 264.969513, 225.513916, -0.157686, -0.052248, 1.840000
991.875000, 512.208252, 177.598053, 224.918213, -0.428121, -0.056351, 1.876000
991.875000, 255.875000, 173.461288, 307.774597, -0.390644, 0.176794, 1.664000
736.113953, 255.875000, 261.960999, 307.923859, -0.149149, 0.174881, 1.646000
1091.875000, 334.875000, 139.259369, 282.047760, -0.499584, 0.112138, 1.720000
1219.906250, 334.875000, 94.649529, 281.673431, -0.627461, 0.109505, 1.723000
1219.875000, 206.912460, 91.735764, 323.604004, -0.600866, 0.215739, 1.628000
1091.875000, 206.868698, 136.784882, 323.758453, -0.481453, 0.216004, 1.630000
149.798325, 393.894104, 465.828979, 264.889191, 0.422558, 0.061837, 1.735000
405.875000, 394.208252, 377.678589, 264.220978, 0.172460, 0.061837, 1.735000
405.875000, 137.875000, 375.983704, 347.871124, 0.150723, 0.269579, 1.568000
150.113953, 137.875000, 465.769196, 349.067596, 0.381155, 0.274202, 1.565000
43.862537, 744.918823, 503.785461, 152.117966, 0.591408, -0.286735, 1.934000
171.924927, 744.862549, 459.958221, 152.172150, 0.474687, -0.301116, 2.031000
171.856186, 616.875000, 459.733368, 192.747314, 0.450380, -0.159134, 1.927000
43.918804, 616.875000, 503.592560, 192.798492, 0.576730, -0.155748, 1.886000
24.798321, 477.894104, 509.975861, 237.809982, 0.565913, -0.015585, 1.793000
280.875000, 478.208252, 421.299438, 237.516510, 0.307969, -0.015611, 1.796000
280.875000, 221.896667, 419.976349, 320.710968, 0.272987, 0.207082, 1.623000
25.113945, 221.884583, 510.281616, 321.196411, 0.514916, 0.209746, 1.623000
593.875000, 499.000153, 313.433685, 229.948441, -0.009847, -0.039552, 1.812000
721.924927, 498.843842, 270.083771, 229.629868, -0.138616, -0.039880, 1.827000
721.856201, 370.931152, 268.561493, 270.700348, -0.137953, 0.079294, 1.743000
593.875000, 370.849915, 312.307281, 270.873596, -0.012207, 0.078521, 1.726000
943.798340, 388.894104, 191.832062, 264.609314, -0.361903, 0.062835, 1.763000
1199.875000, 389.208252, 102.824699, 263.983856, -0.622084, 0.060247, 1.772000
1199.875000, 132.875000, 97.301781, 348.255920, -0.565825, 0.273368, 1.575000
944.113953, 132.875000, 187.545074, 348.289337, -0.335961, 0.275277, 1.586000
936.798340, 383.894104, 194.409729, 266.095612, -0.352238, 0.068430, 1.758000
1192.875000, 384.208252, 105.150002, 265.683807, -0.606454, 0.065320, 1.752000
1192.875000, 127.874992, 99.743645, 350.280121, -0.560665, 0.278540, 1.575000
937.113953, 127.875008, 189.889694, 349.968628, -0.328888, 0.276305, 1.577000
424.875031, 266.875000, 369.806458, 305.824310, 0.141526, 0.168858, 1.640000
552.875000, 266.875000, 325.870270, 305.403931, 0.023324, 0.168858, 1.640000
552.875000, 138.906219, 324.703857, 347.101013, 0.019782, 0.270266, 1.572000
424.906281, 138.874985, 368.949707, 347.725586, 0.131898, 0.267859, 1.558000
467.798309, 503.894104, 356.725861, 228.655655, 0.118173, -0.042668, 1.818000
723.875000, 504.208252, 269.364838, 228.104767, -0.142151, -0.043044, 1.834000
723.875000, 247.935440, 266.475800, 310.734070, -0.136080, 0.183545, 1.651000
468.113983, 247.861435, 354.609253, 311.085602, 0.101230, 0.185015, 1.640000
467.837646, 300.875000, 355.100311, 294.422180, 0.105247, 0.141020, 1.661000
595.937439, 300.875000, 311.278503, 294.228333, -0.014468, 0.141020, 1.661000
595.843628, 172.875000, 310.043732, 335.738373, -0.016496, 0.242641, 1.594000
467.975128, 172.875000, 354.178711, 335.959656, 0.098082, 0.241880, 1.589000
545.875000, 410.987640, 328.948456, 258.154358, 0.033087, 0.044590, 1.729000
673.968628, 410.856293, 285.583130, 257.884796, -0.090904, 0.042789, 1.772000
673.843628, 282.875000, 285.844910, 299.364777, -0.094238, 0.171044, 1.837000
545.875000, 282.875000, 329.183990, 299.421722, 0.036812, 0.164991, 1.772000
520.875000, 454.968872, 337.352631, 244.125443, 0.057187, 0.004729, 1.688000
648.875000, 454.843872, 294.066711, 243.709000, -0.063318, 0.002009, 1.732000
648.875000, 326.924927, 294.126007, 285.094421, -0.066023, 0.126642, 1.806000
520.875000, 326.856171, 337.683136, 285.404602, 0.058576, 0.121242, 1.729000
468.798309, 471.894104, 354.771301, 238.444382, 0.103514, -0.011823, 1.677000
724.875000, 472.208252, 268.154388, 238.371246, -0.142148, -0.012662, 1.796000
724.875000, 215.914795, 268.586517, 321.086578, -0.149034, 0.243347, 1.883000
469.113983, 215.866455, 355.881073, 321.963806, 0.111203, 0.226805, 1.755000
31.875000, 665.875000, 503.470490, 176.603790, 0.431477, -0.153591, 1.411000
159.875000, 665.875000, 459.188629, 176.616959, 0.338662, -0.157728, 1.449000
159.875000, 537.875000, 458.958496, 217.429489, 0.347892, -0.062256, 1.499000
31.875000, 537.875000, 503.336304, 217.377274, 0.444321, -0.060346, 1.453000
332.798309, 757.894165, 400.015442, 147.678467, 0.211371, -0.241277, 1.542000
588.875000, 758.208191, 313.787933, 147.310684, -0.008956, -0.257863, 1.648000
588.875000, 501.898682, 314.190277, 228.750931, -0.006469, -0.039993, 1.704000
333.113983, 501.866943, 400.893524, 229.044495, 0.221378, -0.035252, 1.615000
869.798340, 543.894165, 216.012314, 214.549911, -0.263085, -0.074379, 1.601000
1125.875000, 544.208191, 122.433693, 214.946457, -0.392149, -0.057236, 1.232000
1125.875000, 287.885071, 120.455414, 295.913330, -0.405189, 0.109043, 1.260000
870.113953, 287.880554, 215.625839, 297.438812, -0.274338, 0.148483, 1.653000
278.868774, 447.968872, 419.843262, 246.938431, 0.272482, 0.009859, 1.620000
406.956116, 447.843781, 376.295807, 246.453262, 0.162384, 0.010108, 1.661000
406.856140, 319.875000, 377.026733, 288.016296, 0.169081, 0.127658, 1.701000
278.912537, 319.875000, 420.543060, 288.055878, 0.280401, 0.123905, 1.651000
460.868805, 346.918823, 357.979431, 279.454102, 0.113354, 0.102521, 1.701000
588.875000, 346.862549, 314.511383, 278.684479, -0.006617, 0.102190, 1.743000
588.875000, 218.968628, 314.940155, 320.416656, -0.006868, 0.230814, 1.809000
460.943848, 218.843704, 358.501221, 320.848816, 0.120237, 0.224689, 1.761000
1058.875000, 445.925079, 153.123077, 246.136856, -0.486356, 0.011064, 1.818000
1186.875000, 445.856323, 107.450447, 245.949310, -0.580484, 0.007523, 1.693000
1186.875000, 317.875000, 106.755211, 287.830139, -0.611508, 0.130297, 1.775000
1058.875000, 317.875000, 152.779251, 287.860809, -0.506830, 0.138225, 1.883000
320.798309, 369.894104, 408.518097, 272.605652, 0.276332, 0.089750, 1.840000
576.875000, 370.208252, 322.354645, 271.964691, 0.020142, 0.102000, 2.164000
576.875000, 113.914795, 319.587646, 354.624878, 0.008243, 0.344094, 1.876000
321.113983, 113.866455, 408.418823, 355.626556, 0.277834, 0.342363, 1.850000
828.843872, 542.875000, 233.754181, 215.289642, -0.257808, -0.084657, 1.889000
956.949890, 542.875000, 189.129745, 214.788956, -0.374561, -0.083438, 1.796000
956.862427, 414.918701, 189.125702, 255.989761, -0.396876, 0.039703, 1.903000
828.968872, 414.862488, 234.019135, 256.531494, -0.266715, 0.044516, 1.978000
644.875000, 316.875000, 297.914185, 288.946991, -0.066578, 0.157902, 2.104000
772.924927, 316.875000, 254.460541, 288.989990, -0.212632, 0.156326, 2.083000
772.856201, 188.924927, 252.669586, 329.588196, -0.207551, 0.280468, 1.970000
644.875000, 188.856186, 296.355591, 329.814392, -0.064599, 0.276339, 1.941000
526.875000, 197.962616, 337.267334, 327.877869, 0.066639, 0.273582, 1.967000
654.931152, 197.850067, 293.593262, 327.633484, -0.074978, 0.273025, 1.963000
654.849915, 69.875000, 291.791565, 369.321747, -0.075935, 0.380937, 1.831000
526.875000, 69.875000, 335.919159, 369.492126, 0.055452, 0.376984, 1.812000
788.862549, 160.906281, 246.022919, 339.416595, -0.223227, 0.307734, 1.938000
916.949890, 160.875015, 201.949356, 339.174072, -0.368726, 0.309957, 1.952000
916.862427, 32.875004, 199.385986, 381.308624, -0.348793, 0.413371, 1.815000
788.950073, 32.874996, 243.954346, 381.162384, -0.215696, 0.409043, 1.796000
629.798340, 455.894104, 297.608490, 243.322067, -0.047433, 0.001738, 1.499000
885.875000, 456.208252, 210.531815, 242.573013, -0.278820, -0.000772, 1.601000
885.875000, 199.885071, 209.637421, 326.023437, -0.288299, 0.225408, 1.640000
630.113953, 199.880554, 297.652222, 326.510071, -0.049617, 0.215512, 1.568000
282.875000, 746.875000, 426.654358, 152.656128, 0.583194, -0.481252, 3.246000
410.987366, 746.875000, 384.437134, 152.420395, 0.359875, -0.481252, 3.246000
410.856110, 618.875000, 382.550995, 192.348419, 0.311046, -0.238742, 2.891000
282.875000, 618.875000, 425.991760, 192.852600, 0.514677, -0.238742, 2.891000
947.798340, 313.894104, 193.636719, 289.571259, -0.458744, 0.174164, 2.271000
1203.875000, 314.208252, 103.922752, 288.852417, -0.794943, 0.170736, 2.275000
1203.875000, 57.885078, 97.750854, 373.804688, -0.687252, 0.410561, 1.913000
948.113953, 57.880547, 188.455399, 374.009644, -0.399363, 0.410891, 1.900000
810.798340, 326.894104, 241.231064, 285.400879, -0.278949, 0.158547, 2.261000
1066.875000, 327.208252, 152.577118, 284.926025, -0.616378, 0.156821, 2.290000
1066.875000, 70.874992, 146.841415, 369.495819, -0.535659, 0.399453, 1.920000
811.113953, 70.875008, 237.103851, 369.266174, -0.248160, 0.397373, 1.910000
191.798325, 446.894104, 456.424713, 247.748474, 0.572246, 0.019327, 2.501000
447.875000, 447.208252, 368.771851, 247.305557, 0.209275, 0.019103, 2.472000
447.875000, 190.898682, 366.123779, 329.987549, 0.166589, 0.291431, 2.047000
192.113953, 190.866943, 455.361786, 330.959656, 0.465015, 0.294792, 2.047000
437.798309, 283.894104, 369.870483, 300.364380, 0.188299, 0.206750, 2.182000
693.875000, 284.208252, 281.714050, 299.792053, -0.126465, 0.203539, 2.186000
693.875000, 27.910269, 278.134094, 384.112488, -0.115302, 0.427430, 1.837000
438.113983, 27.870979, 367.630646, 384.583771, 0.153006, 0.428826, 1.843000
153.798325, 743.894165, 471.911407, 152.985123, 0.827531, -0.484218, 3.266000
409.875000, 744.208191, 384.620667, 152.963394, 0.363201, -0.485700, 3.276000
409.875000, 487.897156, 382.314178, 233.376938, 0.274357, -0.038913, 2.550000
154.113953, 487.868469, 469.863831, 234.058594, 0.637759, -0.034726, 2.550000
704.798340, 732.894165, 283.144287, 155.339661, -0.174971, -0.459529, 3.206000
960.875000, 733.208191, 196.882858, 155.238617, -0.647627, -0.470996, 3.286000
960.875000, 476.875000, 192.403885, 235.905289, -0.524166, -0.030827, 2.574000
705.113953, 476.875000, 279.896545, 236.308914, -0.154716, -0.026156, 2.531000
282.798309, 388.894104, 424.436829, 266.341431, 0.415749, 0.091747, 2.357000
538.875000, 389.208252, 336.706451, 265.749481, 0.075991, 0.087876, 2.357000
538.875000, 132.875000, 333.717865, 348.961517, 0.053833, 0.341927, 1.970000
283.113953, 132.875000, 423.021912, 349.877502, 0.346881, 0.347790, 1.985000
770.798340, 398.894104, 256.184601, 262.221313, -0.237622, 0.077819, 2.405000
1026.875000, 399.208252, 168.059845, 261.530426, -0.582842, 0.073686, 2.399000
1026.875000, 142.875000, 162.789139, 344.995514, -0.512386, 0.338507, 2.027000
771.113953, 142.875000, 252.287079, 345.456146, -0.211133, 0.337957, 2.004000
114.875000, 682.875000, 484.897949, 172.406067, 0.830334, -0.348917, 3.023000
243.024796, 682.875000, 441.783356, 172.080414, 0.619244, -0.349955, 3.032000
242.818542, 554.875000, 439.871094, 212.733704, 0.548018, -0.135645, 2.727000
114.875000, 554.875000, 484.144989, 212.674652, 0.747109, -0.135297, 2.720000
910.798340, 278.894104, 198.950439, 300.679138, -0.299825, 0.146582, 1.547000
1166.875000, 279.208252, 109.414505, 300.074402, -0.536224, 0.149614, 1.579000
1166.875000, 22.874994, 110.352089, 385.811951, -0.644150, 0.446614, 1.906000
911.113953, 22.875006, 201.216400, 385.299164, -0.352481, 0.437242, 1.866000
183.798325, 602.894165, 443.673096, 197.885727, 0.253580, -0.090882, 1.222000
439.875000, 603.208191, 357.687439, 197.772568, 0.081900, -0.091402, 1.229000
439.875000, 346.910278, 360.891754, 278.918793, 0.100963, 0.082725, 1.411000
184.113953, 346.870972, 448.044769, 279.831696, 0.301552, 0.084259, 1.398000
198.862518, 711.950073, 436.745026, 163.662689, 0.226237, -0.150249, 1.154000
326.924927, 711.862549, 394.276123, 164.292847, 0.146971, -0.148483, 1.155000
326.856171, 583.875000, 395.719666, 203.885132, 0.158787, -0.079488, 1.232000
198.918808, 583.875000, 438.950256, 203.956223, 0.244568, -0.079165, 1.227000
375.798309, 662.894165, 377.543732, 179.131851, 0.118088, -0.123465, 1.188000
631.875000, 663.208191, 292.254425, 178.737381, -0.048000, -0.127210, 1.205000
631.875000, 406.907227, 294.809875, 259.603180, -0.050449, 0.037855, 1.380000
376.113953, 406.874023, 381.490082, 259.926300, 0.143354, 0.037115, 1.353000
340.875000, 622.875000, 389.975983, 191.850296, 0.143940, -0.101826, 1.209000
469.024811, 622.875000, 347.610657, 191.698090, 0.061216, -0.102584, 1.218000
468.818665, 494.943634, 348.908905, 231.654434, 0.066896, -0.023903, 1.289000
340.875000, 494.868683, 392.136017, 231.950531, 0.159923, -0.023922, 1.290000
754.862610, 590.875000, 250.892654, 200.917313, -0.137202, -0.087709, 1.263000
882.949890, 590.875000, 208.071274, 200.868927, -0.226401, -0.088612, 1.276000
882.862427, 462.924927, 209.575470, 241.047470, -0.241011, -0.002912, 1.371000
754.950073, 462.856232, 252.462860, 241.280899, -0.143073, -0.002885, 1.358000
213.856277, 507.968903, 434.922363, 228.375702, 0.245781, -0.029924, 1.275000
341.943665, 507.843811, 391.866028, 227.986206, 0.155975, -0.032018, 1.275000
341.868713, 379.912445, 393.356720, 269.005280, 0.171708, 0.059944, 1.367000
213.987640, 379.868744, 436.528717, 269.054932, 0.267014, 0.059725, 1.362000
904.798340, 612.894165, 199.808929, 193.764679, -0.242137, -0.101983, 1.260000
1160.875000, 613.208191, 113.029488, 192.459518, -0.423966, -0.105126, 1.273000
1160.875000, 356.875000, 114.832115, 274.384369, -0.485842, 0.076321, 1.466000
905.113953, 356.875000, 202.570999, 275.016907, -0.272461, 0.078138, 1.455000
1129.875000, 484.975128, 124.136292, 233.393311, -0.430011, -0.020830, 1.365000
1257.918701, 484.837585, 80.107155, 233.201294, -0.531876, -0.020967, 1.374000
1257.862427, 356.875000, 80.898895, 274.426941, -0.574457, 0.077258, 1.484000
1129.875000, 356.875000, 125.411774, 274.667725, -0.457860, 0.076061, 1.461000
606.798340, 499.894104, 301.713348, 230.268051, -0.032769, -0.026363, 1.306000
862.875000, 500.208252, 215.719452, 229.389084, -0.220898, -0.029053, 1.331000
862.875000, 243.897171, 218.107529, 311.225555, -0.247694, 0.173508, 1.538000
607.113953, 243.868454, 304.935242, 311.922180, -0.030447, 0.170236, 1.509000
759.868774, 758.931335, 247.125519, 149.270920, -0.132622, -0.178921, 1.168000
887.943665, 758.850037, 205.407593, 148.781357, -0.212431, -0.180375, 1.165000
887.868652, 630.875000, 205.903458, 187.479248, -0.227018, -0.113035, 1.245000
759.912537, 630.875000, 248.504974, 187.920120, -0.137871, -0.111854, 1.232000
1011.798340, 635.894165, 163.715714, 185.893387, -0.318197, -0.119193, 1.267000
1267.875000, 636.208191, 76.172714, 184.782700, -0.504269, -0.122613, 1.281000
1267.875000, 379.910278, 78.033241, 266.985992, -0.579319, 0.057765, 1.484000
1012.113953, 379.870972, 166.311325, 267.253448, -0.361463, 0.059552, 1.468000
122.837662, 296.875000, 484.536224, 296.524811, 0.828137, 0.265876, 3.015000
251.006088, 296.875000, 438.405792, 296.930786, 0.526011, 0.232719, 2.639000
250.837463, 168.968582, 439.232147, 338.567902, 0.532946, 0.416755, 2.652000
123.006454, 168.843765, 485.823151, 339.421783, 0.835286, 0.480020, 3.023000
322.862549, 524.875000, 412.148651, 221.265488, 0.380390, -0.084857, 2.427000
450.974854, 524.875000, 365.650726, 221.047119, 0.171530, -0.075207, 2.151000
450.837402, 396.912445, 365.998016, 262.804321, 0.172566, 0.070021, 2.164000
322.918793, 396.868713, 411.980194, 263.457825, 0.375484, 0.082312, 2.421000
257.875000, 218.968872, 436.515717, 322.788300, 0.513444, 0.342764, 2.619000
385.949890, 218.843796, 389.655304, 322.737488, 0.278713, 0.306380, 2.341000
385.862457, 90.918694, 390.034088, 365.637726, 0.278807, 0.465421, 2.310000
257.875000, 90.862442, 437.228638, 366.029083, 0.517734, 0.531978, 2.619000
504.798309, 570.894165, 338.754608, 207.647339, 0.053382, -0.087101, 1.503000
760.875000, 571.208191, 251.728912, 206.907166, -0.161775, -0.090105, 1.512000
760.875000, 314.898682, 249.692139, 288.466187, -0.161325, 0.109796, 1.463000
505.113983, 314.866943, 337.466797, 289.084961, 0.048853, 0.110588, 1.442000
234.862534, 683.943848, 423.076477, 175.081619, 0.212323, -0.134251, 1.215000
362.912445, 683.868774, 381.179077, 174.609543, 0.128733, -0.136246, 1.215000
362.868713, 555.906189, 380.075195, 214.035080, 0.120901, -0.053844, 1.159000
234.950089, 555.875000, 421.767365, 214.047043, 0.198054, -0.053659, 1.155000
924.862549, 190.875000, 194.196243, 329.124695, -0.284916, 0.202450, 1.422000
1052.875000, 190.875000, 152.153656, 328.781586, -0.386515, 0.202085, 1.436000
1052.875000, 62.949917, 149.853394, 369.486359, -0.393572, 0.298758, 1.436000
924.918823, 62.862442, 193.902695, 369.143860, -0.291891, 0.300630, 1.445000
145.798325, 753.894165, 453.424896, 153.407867, 0.278299, -0.182246, 1.243000
401.875000, 754.208191, 369.050629, 153.197403, 0.107525, -0.182686, 1.246000
401.875000, 497.914795, 366.676910, 231.866531, 0.092613, -0.021103, 1.138000
146.113953, 497.866455, 451.264465, 232.123642, 0.250179, -0.019167, 1.134000
259.875000, 619.875000, 414.100311, 194.834702, 0.189130, -0.093729, 1.182000
387.931183, 619.875000, 371.917877, 194.543686, 0.106054, -0.093888, 1.184000
387.850006, 492.006042, 371.328278, 233.979843, 0.101575, -0.017305, 1.134000
259.875000, 491.837341, 412.862335, 233.945984, 0.177578, -0.017290, 1.133000
982.856323, 682.875000, 183.044235, 170.898453, -0.416235, -0.226251, 1.906000
1110.875000, 682.875000, 139.727783, 170.182083, -0.549832, -0.224708, 1.893000
1110.875000, 554.875000, 137.122726, 210.210846, -0.525780, -0.094916, 1.790000
982.956360, 554.875000, 180.908844, 210.889099, -0.405951, -0.096400, 1.818000
683.868774, 431.918823, 270.865417, 253.579056, -0.086341, 0.020005, 1.138000
811.968628, 431.862518, 228.632629, 253.854599, -0.163187, 0.019830, 1.128000
811.843689, 303.918671, 227.703735, 293.509674, -0.166644, 0.094831, 1.139000
683.943848, 303.862488, 271.103668, 293.642548, -0.084625, 0.094915, 1.140000
807.798340, 538.894165, 219.467712, 221.528992, -0.143151, -0.031397, 0.898000
1063.875000, 539.208191, 137.342697, 220.201660, -0.262596, -0.032726, 0.894000
1063.875000, 282.875000, 134.081345, 299.261230, -0.269080, 0.083892, 0.901000
808.113953, 282.875000, 220.148590, 299.134521, -0.143732, 0.084824, 0.911000
270.875000, 202.968872, 408.395111, 327.539215, 0.153334, 0.142006, 1.021000
398.906219, 202.843842, 366.360321, 327.775299, 0.083091, 0.142006, 1.021000
398.874969, 74.875000, 359.599152, 368.915131, 0.061106, 0.180399, 0.874000
270.875000, 74.875000, 404.248077, 369.780182, 0.126249, 0.182875, 0.879000
522.798340, 322.894104, 322.541626, 288.809082, 0.009392, 0.075724, 1.009000
778.875000, 323.208252, 237.485550, 288.422760, -0.131745, 0.076099, 1.014000
778.875000, 66.874992, 230.941177, 369.525269, -0.118204, 0.173929, 0.836000
523.113953, 66.875008, 317.837280, 369.860779, 0.000953, 0.177465, 0.853000
803.798340, 554.894165, 226.341217, 215.559616, -0.148833, -0.045085, 1.006000
1059.875000, 555.208191, 142.281769, 214.369888, -0.285541, -0.046458, 1.000000
1059.875000, 298.885071, 139.639359, 294.677124, -0.294231, 0.086004, 1.013000
804.113953, 298.880554, 226.254929, 294.640228, -0.150164, 0.086174, 1.015000
629.825195, 364.875000, 284.987762, 275.573334, -0.053309, 0.054079, 1.007000
757.962402, 364.875000, 243.306137, 274.928406, -0.121539, 0.052686, 1.012000
757.849976, 236.968597, 242.612122, 315.295837, -0.124901, 0.122486, 1.026000
630.018982, 236.843765, 285.139069, 315.550049, -0.052223, 0.121531, 1.018000
644.798340, 462.894104, 279.611603, 245.376099, -0.061434, 0.004466, 1.005000
900.875000, 463.208252, 195.405350, 243.877213, -0.200911, 0.001172, 1.011000
900.875000, 206.898682, 193.771606, 324.274414, -0.208465, 0.138453, 1.032000
645.113953, 206.866943, 280.087128, 325.057159, -0.061037, 0.139333, 1.026000
727.798340, 494.894104, 251.697968, 234.717087, -0.107743, -0.013713, 1.007000
983.875000, 495.208252, 167.641434, 233.637115, -0.247281, -0.015428, 1.011000
983.875000, 238.935440, 165.446030, 314.043945, -0.253319, 0.120330, 1.022000
728.113953, 238.861435, 252.067886, 314.187012, -0.107884, 0.120566, 1.024000
491.837555, 236.968903, 333.046387, 316.299774, 0.027873, 0.123444, 1.020000
619.875000, 236.843872, 290.382019, 315.873749, -0.043843, 0.121411, 1.017000
619.875000, 108.949913, 287.130280, 356.926697, -0.044374, 0.172514, 0.924000
492.006439, 108.862503, 329.899475, 357.403809, 0.019341, 0.175349, 0.931000
732.798340, 434.894104, 250.004517, 253.306488, -0.109827, 0.017773, 1.011000
988.875000, 435.208252, 165.620651, 252.319458, -0.250841, 0.016129, 1.012000
988.875000, 178.898682, 162.652451, 334.947510, -0.256067, 0.152537, 1.013000
733.113953, 178.866943, 250.364304, 334.644196, -0.111565, 0.154645, 1.027000
901.837646, 281.875000, 193.055328, 301.016846, -0.207051, 0.098804, 1.025000
1029.875000, 281.875000, 150.204910, 301.046600, -0.276251, 0.097744, 1.014000
1029.875000, 153.912460, 147.325058, 342.334869, -0.266812, 0.157494, 0.962000
901.975159, 153.868744, 191.610687, 342.024475, -0.201171, 0.160441, 0.980000
256.798309, 448.894104, 409.508789, 249.315796, 0.152122, 0.011034, 1.002000
512.875000, 449.208252, 326.101837, 249.397980, 0.015955, 0.011078, 1.006000
512.875000, 192.903198, 325.667297, 329.791656, 0.014535, 0.145502, 1.022000
257.113983, 192.862427, 411.954742, 330.209564, 0.158352, 0.147036, 1.021000
885.875000, 354.968872, 198.616745, 277.863312, -0.197105, 0.057956, 1.017000
1013.962341, 354.843781, 156.078445, 277.583893, -0.266023, 0.057728, 1.013000
1013.849915, 226.918686, 154.720779, 318.127533, -0.271468, 0.126918, 1.021000
885.875000, 226.862442, 198.267975, 318.127380, -0.199043, 0.127664, 1.027000
886.818970, 567.875000, 198.629059, 211.308380, -0.195167, -0.051743, 1.007000
1014.999878, 567.875000, 157.579941, 210.401764, -0.263319, -0.053503, 1.009000
1014.843689, 439.968597, 156.340866, 249.702499, -0.265497, 0.011133, 1.011000
887.025269, 439.843781, 198.756989, 250.321167, -0.195942, 0.012793, 1.011000
730.875000, 420.968872, 250.858841, 257.736420, -0.109609, 0.024365, 1.009000
858.968628, 420.843781, 209.568405, 256.926147, -0.178077, 0.022798, 1.013000
858.843628, 292.875000, 208.258926, 296.772583, -0.181333, 0.090124, 1.022000
730.875000, 292.875000, 251.492508, 296.953522, -0.108706, 0.089595, 1.016000
288.862518, 506.962616, 398.618347, 230.942612, 0.133800, -0.020186, 1.000000
417.024750, 506.849976, 358.503204, 231.385849, 0.068278, -0.018544, 1.000000
416.818695, 378.962341, 357.474884, 270.403687, 0.067040, 0.045766, 1.006000
288.918823, 378.849945, 399.987640, 270.739563, 0.136657, 0.045902, 1.009000
742.798340, 570.894165, 246.633484, 211.319046, -0.083854, -0.037407, 0.728000
998.875000, 571.208191, 163.131073, 210.063156, -0.253151, -0.053450, 1.008000
998.875000, 314.898682, 160.949707, 289.350464, -0.259897, 0.077841, 1.015000
743.113953, 314.866943, 246.954620, 289.536469, -0.117027, 0.077918, 1.016000
389.798309, 432.894104, 364.992157, 254.553452, 0.078340, 0.019279, 1.003000
645.875000, 433.208252, 281.337585, 254.412201, -0.058257, 0.019356, 1.007000
645.875000, 176.918823, 280.432190, 334.797058, -0.061096, 0.154645, 1.027000
390.113953, 176.878052, 366.813293, 335.166962, 0.082684, 0.154657, 1.016000
284.798309, 286.894104, 404.174622, 300.783936, 0.145495, 0.095984, 1.013000
540.875000, 287.208252, 318.321838, 300.353119, 0.002792, 0.095984, 1.013000
540.875000, 30.935446, 311.011292, 381.584869, -0.006969, 0.182202, 0.800000
285.113983, 30.861429, 397.280243, 382.971832, 0.107712, 0.186956, 0.815000
720.798340, 289.894104, 257.352295, 299.110718, -0.098720, 0.094600, 1.016000
976.875000, 290.208252, 171.148712, 298.444336, -0.242323, 0.093115, 1.018000
976.875000, 33.874996, 156.905334, 381.338013, -0.201683, 0.174914, 0.768000
721.113953, 33.875004, 245.251389, 380.504059, -0.092173, 0.178401, 0.789000
500.862488, 200.025223, 330.703033, 328.001068, 0.022816, 0.143261, 1.018000
628.918640, 199.818878, 288.172943, 328.187653, -0.047545, 0.144246, 1.025000
628.862488, 71.906212, 279.487915, 369.477905, -0.051592, 0.175593, 0.844000
500.950073, 71.874992, 322.879211, 370.346191, 0.007902, 0.178027, 0.849000
420.843842, 295.912567, 355.423676, 297.619843, 0.063871, 0.090545, 1.008000
548.875000, 295.868774, 313.383972, 296.980469, -0.005494, 0.089154, 1.011000
548.875000, 167.931168, 313.091217, 338.935425, -0.005565, 0.160919, 1.024000
420.968903, 167.849976, 356.531006, 338.476715, 0.066237, 0.160133, 1.019000
218.798325, 439.894104, 422.474152, 252.086014, 0.174325, 0.016049, 1.007000
474.875000, 440.208252, 338.594635, 252.202011, 0.035694, 0.016017, 1.005000
474.875000, 183.875000, 338.480255, 332.652802, 0.036156, 0.149947, 1.018000
219.113953, 183.875000, 424.815063, 333.574158, 0.180093, 0.152065, 1.021000
271.875000, 200.025208, 408.546387, 328.379822, 0.153484, 0.143824, 1.022000
400.024719, 199.818710, 366.433746, 328.745422, 0.082522, 0.142698, 1.014000
399.818604, 71.906204, 358.615082, 370.125000, 0.058787, 0.180544, 0.861000
271.875000, 71.874969, 403.474854, 370.649353, 0.124099, 0.183270, 0.874000
781.798340, 351.894104, 235.195892, 279.238831, -0.135067, 0.061115, 1.014000
1037.875000, 352.208252, 149.236252, 278.340912, -0.275445, 0.058922, 1.005000
1037.875000, 95.920830, 141.567474, 360.621826, -0.244964, 0.164860, 0.853000
782.113953, 95.860413, 230.245834, 360.452118, -0.124567, 0.170272, 0.881000
482.798309, 548.894165, 333.178772, 218.558578, 0.027272, -0.039810, 0.998000
738.875000, 549.208191, 250.531647, 218.140518, -0.109284, -0.040129, 1.006000
738.875000, 292.875000, 249.370331, 296.693085, -0.112696, 0.090124, 1.022000
483.113953, 292.875000, 334.474670, 297.243439, 0.029080, 0.090186, 1.004000
897.862549, 441.943848, 194.620758, 250.422745, -0.202166, 0.012767, 1.009000
1025.875000, 441.868805, 152.465866, 249.791229, -0.271314, 0.011100, 1.008000
1025.875000, 313.875000, 151.413818, 290.080658, -0.274590, 0.079429, 1.014000
897.918823, 313.875000, 194.657516, 290.268433, -0.204370, 0.079899, 1.020000
457.856201, 349.056519, 342.708679, 280.758118, 0.042321, 0.062284, 1.006000
585.875000, 348.818970, 301.347351, 280.562256, -0.025342, 0.062532, 1.010000
585.875000, 220.943680, 300.474030, 320.798920, -0.027237, 0.130016, 1.019000
457.956360, 220.868729, 343.757843, 320.892792, 0.044537, 0.130016, 1.019000
663.798340, 282.894104, 276.894836, 301.513550, -0.066769, 0.097455, 1.011000
919.875000, 283.208252, 190.512604, 300.873566, -0.210639, 0.096458, 1.018000
919.875000, 26.914797, 176.690811, 383.322357, -0.175144, 0.176050, 0.762000
664.113953, 26.866453, 264.027924, 382.687256, -0.067188, 0.179845, 0.784000
275.798309, 480.894104, 403.160187, 239.169479, 0.142416, -0.005424, 1.003000
531.875000, 481.208252, 319.606476, 239.799667, 0.004416, -0.005435, 1.005000
531.875000, 224.920837, 319.100159, 319.002350, 0.004464, 0.127965, 1.016000
276.113983, 224.860413, 405.155365, 319.958435, 0.147300, 0.127713, 1.014000
362.868774, 194.956360, 377.273071, 330.044525, 0.101289, 0.146748, 1.019000
490.968597, 194.856277, 335.274841, 329.926758, 0.031153, 0.144932, 1.018000
490.843628, 66.875000, 326.509827, 372.314453, 0.013354, 0.179325, 0.842000
362.912537, 66.875000, 371.430603, 371.818085, 0.076853, 0.181323, 0.858000
635.798340, 309.894104, 285.366028, 293.026520, -0.051710, 0.083925, 1.008000
891.875000, 310.208252, 199.526398, 292.118805, -0.196208, 0.083330, 1.021000
891.875000, 53.914795, 189.777054, 373.814423, -0.168302, 0.173196, 0.807000
636.113953, 53.866451, 277.242432, 373.840424, -0.053198, 0.177273, 0.826000
836.868774, 392.943817, 214.978958, 265.975555, -0.169780, 0.037768, 1.013000
964.968628, 392.868774, 173.418915, 265.346710, -0.238283, 0.037842, 1.015000
964.843628, 264.875000, 171.879883, 305.994080, -0.243513, 0.105330, 1.023000
836.943848, 264.875000, 215.343536, 305.973694, -0.170113, 0.105536, 1.025000
537.798340, 412.894104, 315.248322, 261.043030, -0.002176, 0.030961, 1.008000
793.875000, 413.208252, 231.474075, 260.130859, -0.141292, 0.029393, 1.011000
793.875000, 156.910263, 229.859482, 340.099152, -0.144747, 0.162357, 1.012000
538.113953, 156.870987, 316.731567, 341.264496, -0.000530, 0.164991, 1.018000
803.862549, 432.950104, 226.439941, 253.689484, -0.149720, 0.017790, 1.012000
931.918701, 432.862549, 184.520432, 252.915955, -0.219561, 0.016145, 1.013000
931.862488, 304.906219, 184.010056, 292.973969, -0.221078, 0.083249, 1.020000
803.950073, 304.875000, 226.253922, 292.919922, -0.150756, 0.083167, 1.019000
283.798309, 495.894104, 400.466339, 234.283554, 0.137213, -0.013632, 1.001000
539.875000, 496.208252, 317.281128, 235.232239, 0.001123, -0.012036, 1.005000
539.875000, 239.910263, 316.307190, 314.397003, -0.000528, 0.119506, 1.015000
284.113983, 239.870987, 402.014313, 315.002502, 0.142738, 0.121411, 1.017000
900.798340, 372.894104, 194.383865, 272.317688, -0.202967, 0.049411, 1.013000
1156.875000, 373.208252, 108.886322, 271.685760, -0.337823, 0.046664, 0.990000
1156.875000, 116.920830, 103.096207, 354.201172, -0.307494, 0.161409, 0.880000
901.113953, 116.860413, 190.211700, 353.783997, -0.188293, 0.165417, 0.910000
238.868774, 376.956360, 416.700012, 272.153687, 0.164754, 0.049216, 1.009000
366.875000, 376.856354, 375.083618, 272.059601, 0.096894, 0.049167, 1.008000
366.875000, 248.962387, 374.980011, 312.194153, 0.095620, 0.115829, 1.012000
238.943832, 248.849945, 417.538452, 312.592834, 0.167067, 0.115944, 1.013000
500.862549, 398.906281, 327.968414, 265.361908, 0.017551, 0.037395, 1.003000
628.918701, 398.875031, 287.110687, 264.971191, -0.048408, 0.035926, 1.008000
628.862427, 270.875000, 286.222473, 304.292206, -0.050407, 0.102840, 1.015000
500.950073, 270.875000, 328.701996, 304.405975, 0.019347, 0.102435, 1.011000
282.875000, 505.968872, 400.822968, 231.189255, 0.137350, -0.018581, 1.002000
410.987335, 505.843750, 360.472748, 231.671860, 0.071554, -0.018544, 1.000000
410.856171, 377.924927, 359.493622, 270.769073, 0.070335, 0.045766, 1.006000
282.875000, 377.856171, 401.990997, 271.240295, 0.139962, 0.047559, 1.009000
760.798340, 426.894104, 240.796875, 255.868652, -0.126387, 0.021093, 1.011000
1016.875000, 427.208252, 155.751709, 254.817352, -0.266889, 0.019414, 1.010000
1016.875000, 170.903198, 152.916565, 335.294403, -0.271852, 0.153744, 1.010000
761.113953, 170.862427, 240.777878, 337.682190, -0.127513, 0.158616, 1.020000
746.798340, 466.894104, 245.205154, 243.435867, -0.117757, 0.001169, 1.008000
1002.875000, 467.208252, 160.975266, 242.078659, -0.258873, -0.000488, 1.011000
1002.875000, 210.885071, 158.409485, 323.549957, -0.264260, 0.135036, 1.019000
747.113953, 210.880554, 245.526169, 323.209290, -0.119392, 0.135433, 1.022000
463.850098, 316.875000, 340.996490, 290.870850, 0.039026, 0.078803, 1.006000
591.912476, 316.875000, 298.968658, 290.542053, -0.030215, 0.078881, 1.007000
591.868713, 188.924927, 298.711853, 331.225647, -0.030665, 0.148858, 1.022000
463.962616, 188.856232, 341.430054, 331.690247, 0.041037, 0.147838, 1.015000
468.818939, 275.875000, 339.367401, 303.870422, 0.037526, 0.100675, 1.010000
596.875000, 275.875000, 297.245880, 303.548248, -0.032150, 0.101273, 1.016000
596.875000, 147.912460, 297.049225, 342.538330, -0.032150, 0.166335, 1.016000
469.025208, 147.868759, 340.100464, 343.423584, 0.039258, 0.167342, 1.012000
983.798340, 330.894104, 167.575180, 285.450470, -0.247770, 0.071034, 1.013000
1239.875000, 331.208252, 70.681786, 285.437744, -0.341345, 0.059324, 0.846000
1239.875000, 74.903206, 66.802750, 368.980072, -0.327617, 0.164919, 0.799000
984.113953, 74.862419, 156.939117, 367.654724, -0.216127, 0.168521, 0.823000
1000.798340, 327.894104, 161.161255, 286.291443, -0.257980, 0.072769, 1.014000
1256.875000, 328.208252, 63.128754, 286.460175, -0.341502, 0.059062, 0.823000
1256.875000, 71.885078, 59.506222, 370.039246, -0.332985, 0.165656, 0.790000
1001.113953, 71.880547, 151.199097, 368.638458, -0.220160, 0.167809, 0.813000
609.798340, 385.894104, 291.612488, 269.254517, -0.041721, 0.044114, 1.006000
865.875000, 386.208252, 207.141800, 268.505310, -0.181396, 0.042758, 1.013000
865.875000, 129.875000, 204.524948, 349.346802, -0.173127, 0.164872, 0.941000
610.113953, 129.875000, 291.724823, 349.695984, -0.040228, 0.169953, 0.970000
603.850037, 475.943848, 293.279205, 241.122803, -0.038310, -0.002131, 1.003000
732.056030, 475.868713, 252.695007, 240.862015, -0.106409, -0.003804, 1.010000
731.818542, 347.875000, 251.637283, 279.460144, -0.108492, 0.061115, 1.014000
603.931335, 347.875000, 293.618958, 279.954193, -0.038539, 0.060813, 1.009000
428.798309, 399.894104, 352.276672, 265.146942, 0.058508, 0.037320, 1.001000
684.875000, 400.208252, 267.998871, 264.830841, -0.081754, 0.036069, 1.012000
684.875000, 143.885071, 266.966553, 344.604645, -0.082341, 0.166832, 0.999000
429.113953, 143.880554, 353.597107, 345.143494, 0.060448, 0.169653, 1.006000
636.798340, 429.894104, 282.250092, 255.528412, -0.056608, 0.021009, 1.007000
892.875000, 430.208252, 198.197968, 254.459427, -0.195749, 0.019414, 1.010000
892.875000, 173.898682, 195.833633, 336.387360, -0.201308, 0.155864, 1.013000
637.113953, 173.866943, 282.989594, 337.992126, -0.057226, 0.158304, 1.018000
583.798340, 559.894165, 299.639618, 215.350174, -0.028254, -0.044636, 0.996000
839.875000, 560.208191, 216.830078, 214.230148, -0.165640, -0.046829, 1.008000
839.875000, 303.875000, 215.172241, 293.112396, -0.169947, 0.085257, 1.024000
584.113953, 303.875000, 300.297913, 293.411957, -0.026997, 0.084091, 1.010000
530.798340, 299.894104, 320.682465, 296.292999, 0.006080, 0.088890, 1.008000
786.875000, 300.208252, 235.555130, 295.974854, -0.136133, 0.088446, 1.022000
786.875000, 43.886589, 225.489517, 377.371460, -0.119068, 0.176063, 0.796000
531.113953, 43.879036, 312.764069, 377.502045, -0.005764, 0.180265, 0.815000
748.818970, 510.875000, 244.795822, 229.441101, -0.119289, -0.021981, 1.007000
876.962402, 510.875000, 204.158264, 228.756943, -0.185638, -0.023681, 1.009000
876.850037, 383.055969, 202.536697, 268.046265, -0.189693, 0.042758, 1.013000
749.056580, 382.818848, 244.896881, 268.306122, -0.120000, 0.042758, 1.013000
675.843872, 330.875000, 269.656464, 286.211731, -0.078361, 0.072554, 1.011000
803.949890, 330.875000, 227.458832, 285.600647, -0.149087, 0.071455, 1.019000
803.862488, 202.968613, 226.753769, 326.296448, -0.152088, 0.141292, 1.028000
675.968933, 202.843719, 269.605713, 326.560638, -0.079292, 0.140605, 1.023000
880.798340, 369.894104, 201.101074, 273.346069, -0.191352, 0.051074, 1.013000
1136.875000, 370.208252, 112.281342, 272.463043, -0.334683, 0.048777, 1.000000
1136.875000, 113.914795, 107.749458, 355.354340, -0.300014, 0.161928, 0.875000
881.113953, 113.866455, 197.215729, 354.538269, -0.177272, 0.166361, 0.907000
778.862549, 259.875000, 235.173004, 308.525482, -0.136666, 0.110693, 1.026000
906.987366, 259.875000, 192.399704, 308.429810, -0.208119, 0.110262, 1.022000
906.856140, 131.875000, 189.154617, 349.386292, -0.195623, 0.164346, 0.938000
778.918823, 131.875000, 233.036865, 349.148071, -0.130201, 0.167150, 0.954000
369.798309, 456.894104, 371.664856, 246.889053, 0.089662, 0.006092, 1.001000
625.875000, 457.208252, 287.970306, 247.283066, -0.048216, 0.007758, 1.004000
625.875000, 200.920837, 287.246765, 326.884399, -0.048984, 0.140193, 1.020000
370.113983, 200.860413, 373.339233, 327.565430, 0.094334, 0.141311, 1.016000
707.798340, 404.894104, 258.489594, 262.912079, -0.096196, 0.032584, 1.007000
963.875000, 405.208252, 173.914093, 261.684052, -0.237814, 0.031115, 1.013000
963.875000, 148.903198, 170.936081, 343.764191, -0.233444, 0.161058, 0.974000
708.113953, 148.862427, 258.640686, 340.134369, -0.097056, 0.162998, 1.016000
901.837585, 413.912567, 193.100540, 259.046295, -0.204021, 0.027706, 1.010000
1029.875000, 413.868774, 151.081192, 259.064789, -0.275403, 0.027898, 1.017000
1029.875000, 285.875000, 149.516052, 299.202301, -0.277364, 0.094228, 1.012000
901.975159, 285.875000, 192.863922, 299.281921, -0.208933, 0.095531, 1.026000
975.798340, 340.894104, 169.523392, 282.142670, -0.244934, 0.066175, 1.015000
1231.875000, 341.208252, 74.191566, 282.428284, -0.340565, 0.055939, 0.858000
1231.875000, 84.886589, 70.612144, 365.626404, -0.328434, 0.164005, 0.814000
976.113953, 84.879036, 161.196732, 364.236145, -0.212694, 0.167065, 0.836000
343.798309, 489.894104, 380.317963, 236.717422, 0.104315, -0.010334, 1.000000
599.875000, 490.208252, 296.993347, 237.027908, -0.033381, -0.008718, 1.003000
599.875000, 233.920837, 296.189819, 316.160706, -0.033880, 0.123202, 1.018000
344.113983, 233.860413, 381.885925, 317.006165, 0.107330, 0.124261, 1.013000
891.856262, 434.025238, 196.313156, 252.841675, -0.199649, 0.016145, 1.013000
1019.943665, 433.818848, 154.684784, 252.243179, -0.268544, 0.016097, 1.010000
1019.868713, 305.918701, 153.036804, 292.541779, -0.272606, 0.083167, 1.019000
891.925049, 305.862457, 196.889191, 292.462280, -0.201225, 0.083330, 1.021000
692.798340, 528.894165, 263.264526, 224.501160, -0.087861, -0.030218, 1.006000
948.875000, 529.208191, 179.489456, 222.735825, -0.226958, -0.033622, 1.009000
948.875000, 272.875000, 177.555359, 303.274139, -0.233230, 0.101871, 1.022000
693.113953, 272.875000, 263.927490, 303.037231, -0.088822, 0.101373, 1.017000
550.798340, 503.894104, 310.618134, 232.711014, -0.010400, -0.016987, 1.005000
806.875000, 504.208252, 227.560974, 231.515289, -0.147624, -0.018711, 1.009000
806.875000, 247.935440, 225.888153, 311.204376, -0.153173, 0.115522, 1.024000
551.113953, 247.861435, 311.708435, 311.755707, -0.008824, 0.114281, 1.013000
626.875000, 173.875000, 296.737030, 336.017059, -0.050222, 0.232180, 1.509000
754.949890, 173.875000, 254.497238, 336.258728, -0.153426, 0.231257, 1.503000
754.862427, 45.918690, 253.802170, 376.972015, -0.158377, 0.335241, 1.527000
626.906311, 45.862457, 296.614594, 376.219543, -0.050821, 0.335241, 1.527000
647.875000, 726.968872, 289.069336, 161.985275, -0.062199, -0.185540, 1.390000
775.931152, 726.843811, 246.938202, 161.839615, -0.158954, -0.184206, 1.380000
775.849915, 598.912476, 244.705536, 200.849716, -0.153761, -0.090140, 1.298000
647.875000, 598.868713, 287.311951, 201.319366, -0.062671, -0.088483, 1.305000
1009.862488, 252.968887, 166.480759, 310.268982, -0.374759, 0.169204, 1.522000
1137.875000, 252.843872, 123.478424, 310.291809, -0.471830, 0.165646, 1.490000
1137.875000, 124.956154, 122.119522, 350.599976, -0.479682, 0.266515, 1.507000
1009.918823, 124.856186, 165.498199, 350.801697, -0.375765, 0.268106, 1.516000
488.843872, 730.875000, 341.948730, 161.298447, 0.056886, -0.187810, 1.407000
616.875000, 730.875000, 299.798401, 161.169479, -0.039799, -0.187276, 1.403000
616.875000, 602.875000, 297.926544, 200.081863, -0.041579, -0.091251, 1.314000
488.968872, 602.875000, 340.485687, 200.135651, 0.051362, -0.091946, 1.324000
1017.837646, 186.875000, 163.130783, 331.611023, -0.377969, 0.219209, 1.505000
1145.906250, 186.875000, 120.302086, 331.791626, -0.487513, 0.220811, 1.516000
1145.875000, 58.968624, 118.031219, 372.507202, -0.484033, 0.317332, 1.490000
1018.006470, 58.843758, 161.794144, 372.143036, -0.383917, 0.321379, 1.509000
712.875000, 209.918808, 267.578918, 324.269165, -0.122470, 0.203386, 1.516000
840.924927, 209.862534, 225.215683, 324.116028, -0.226469, 0.203118, 1.514000
840.856201, 81.931160, 224.722504, 364.197144, -0.229554, 0.303355, 1.518000
712.875000, 81.849922, 267.313538, 365.089813, -0.123520, 0.308064, 1.529000
1023.875000, 241.000153, 161.459045, 314.008575, -0.381882, 0.176728, 1.501000
1151.906250, 240.843872, 118.566101, 314.281128, -0.482734, 0.174962, 1.486000
1151.875000, 113.024796, 117.002571, 354.712524, -0.493657, 0.277330, 1.512000
1023.875000, 112.818550, 160.475464, 354.317535, -0.388182, 0.278063, 1.516000
940.856323, 312.912567, 191.517502, 291.122253, -0.315716, 0.123001, 1.538000
1068.875000, 312.868774, 148.844254, 290.840515, -0.427080, 0.121337, 1.549000
1068.875000, 184.968628, 146.196045, 331.574707, -0.420437, 0.219500, 1.507000
940.987671, 184.843735, 189.481323, 330.602081, -0.313455, 0.216449, 1.503000
694.862549, 226.918808, 273.805359, 318.920837, -0.109131, 0.191186, 1.538000
822.918701, 226.862534, 231.321564, 318.913788, -0.214244, 0.190564, 1.533000
822.862488, 98.962379, 230.638565, 359.077911, -0.214917, 0.291276, 1.520000
694.950073, 98.849960, 273.502838, 358.255035, -0.107996, 0.289160, 1.522000
351.862518, 184.968887, 389.078735, 332.731964, 0.172276, 0.213137, 1.447000
479.968597, 184.843781, 347.532043, 332.996521, 0.077500, 0.227130, 1.542000
479.843719, 56.962360, 347.615021, 372.663513, 0.077299, 0.327555, 1.538000
351.918823, 56.849930, 390.524109, 373.729645, 0.186474, 0.331583, 1.545000
463.850067, 188.925079, 351.778809, 331.646637, 0.088683, 0.227365, 1.561000
591.912476, 188.856293, 309.445923, 331.193207, -0.018436, 0.224015, 1.538000
591.868713, 60.918694, 309.073975, 371.273621, -0.018304, 0.322705, 1.527000
463.962616, 60.862480, 351.867432, 372.205170, 0.086637, 0.324786, 1.525000
90.862556, 556.875000, 479.904419, 216.010529, 0.495657, -0.080303, 1.860000
218.968628, 556.875000, 437.369598, 214.452576, 0.355633, -0.083577, 1.799000
218.843674, 428.924927, 437.799896, 256.062714, 0.377576, 0.042985, 1.910000
90.918816, 428.856201, 481.300049, 256.878632, 0.520903, 0.043458, 1.931000
434.798309, 512.894165, 358.835815, 229.153046, 0.093131, -0.029773, 1.364000
690.875000, 513.208191, 274.546173, 228.531570, -0.094897, -0.032130, 1.369000
690.875000, 256.875000, 274.492462, 307.976135, -0.099403, 0.152357, 1.434000
435.113953, 256.875000, 360.444092, 308.485229, 0.103181, 0.155575, 1.442000
903.818787, 444.987671, 203.917633, 249.269516, -0.268036, 0.015901, 1.444000
1031.875000, 444.856384, 161.006302, 249.118301, -0.371196, 0.016066, 1.459000
1031.875000, 316.875000, 160.474747, 289.190979, -0.383317, 0.114806, 1.497000
904.025208, 316.875000, 203.296249, 288.832611, -0.275832, 0.111522, 1.486000
981.843811, 587.931335, 177.956696, 204.544342, -0.326340, -0.089915, 1.430000
1109.875000, 587.850098, 135.085449, 203.688263, -0.418484, -0.090908, 1.409000
1109.875000, 459.875000, 134.662689, 243.612839, -0.432140, 0.001678, 1.447000
981.968872, 459.875000, 177.551575, 243.824570, -0.331132, 0.001683, 1.451000
485.798309, 330.894104, 341.302307, 286.198151, 0.053611, 0.095160, 1.326000
741.875000, 331.208252, 255.910843, 285.734344, -0.132683, 0.092632, 1.321000
741.875000, 74.903206, 255.090179, 366.788177, -0.136299, 0.275638, 1.357000
486.113983, 74.862419, 342.016174, 367.308258, 0.057382, 0.279299, 1.364000
449.862549, 361.931335, 353.647400, 276.430908, 0.079796, 0.073498, 1.328000
577.918701, 361.850067, 310.918060, 276.226929, -0.013743, 0.073498, 1.328000
577.862488, 233.974854, 311.421417, 315.848755, -0.011707, 0.160449, 1.344000
449.950104, 233.837448, 353.616516, 316.144623, 0.081419, 0.163987, 1.355000
836.868774, 170.943832, 226.172806, 335.671692, -0.223989, 0.230463, 1.514000
964.968628, 170.868759, 183.326660, 335.997467, -0.332376, 0.231681, 1.522000
964.843689, 42.924915, 183.082687, 376.194122, -0.336307, 0.338095, 1.540000
836.943848, 42.856220, 226.006165, 376.387146, -0.230203, 0.341608, 1.556000
737.798340, 577.894165, 258.204041, 206.031403, -0.130395, -0.081345, 1.365000
993.875000, 578.208191, 173.517654, 205.367935, -0.338996, -0.088424, 1.444000
993.875000, 321.903198, 173.342773, 286.171875, -0.350734, 0.107216, 1.494000
738.113953, 321.862427, 258.738678, 286.085449, -0.136795, 0.102767, 1.432000
790.843872, 172.875000, 242.127197, 334.426483, -0.185039, 0.228881, 1.520000
918.974854, 172.875000, 198.652878, 334.082581, -0.295949, 0.229935, 1.527000
918.837402, 44.918682, 198.654785, 374.908539, -0.299825, 0.334552, 1.547000
790.968872, 44.862484, 241.837570, 374.977295, -0.192834, 0.338012, 1.563000
908.798340, 477.894104, 201.958755, 237.327820, -0.275222, -0.012665, 1.457000
1164.875000, 478.208252, 114.404839, 236.594971, -0.478552, -0.014923, 1.444000
1164.875000, 221.896667, 113.994682, 318.318176, -0.496903, 0.185467, 1.492000
909.113892, 221.884583, 202.011658, 317.886627, -0.281449, 0.184367, 1.503000
1105.875000, 597.875000, 134.475571, 198.473862, -0.427661, -0.104148, 1.432000
1233.875000, 597.875000, 90.537819, 198.182861, -0.527905, -0.103566, 1.424000
1233.875000, 469.949921, 90.310219, 238.733719, -0.538656, -0.010244, 1.453000
1105.875000, 469.862427, 134.639328, 239.275330, -0.434530, -0.007869, 1.455000
791.850037, 205.925079, 241.740952, 323.644836, -0.185432, 0.199174, 1.503000
919.875000, 205.856323, 198.450989, 323.704407, -0.293041, 0.200367, 1.512000
919.875000, 77.875000, 198.293259, 364.330475, -0.299825, 0.309151, 1.547000
791.962585, 77.875000, 241.851791, 364.284943, -0.190860, 0.309151, 1.547000
885.798340, 312.894104, 209.829590, 289.447662, -0.264215, 0.115266, 1.503000
1141.875000, 313.208252, 122.252274, 289.417999, -0.473634, 0.114116, 1.488000
1141.875000, 56.914795, 121.635773, 371.109406, -0.494948, 0.326932, 1.547000
886.113953, 56.866451, 209.444641, 370.986298, -0.272302, 0.324811, 1.549000
1071.875000, 617.875000, 146.099350, 192.484573, -0.395049, -0.116935, 1.416000
1199.875000, 617.875000, 102.019669, 191.804138, -0.501319, -0.120271, 1.428000
1199.875000, 489.962402, 102.378296, 232.493988, -0.510095, -0.024559, 1.453000
1071.875000, 489.849884, 146.206573, 232.988632, -0.405929, -0.024592, 1.455000
767.837585, 742.912537, 247.710724, 153.632385, -0.150562, -0.194416, 1.326000
895.968628, 742.868774, 206.428757, 153.245010, -0.251543, -0.204092, 1.392000
895.843628, 614.875000, 206.543762, 193.716171, -0.259133, -0.116067, 1.434000
767.975159, 614.875000, 248.236923, 193.752441, -0.151971, -0.109915, 1.358000
1121.862549, 247.987640, 128.725693, 310.202881, -0.464254, 0.167314, 1.505000
1249.968628, 247.856277, 84.385468, 309.977356, -0.570442, 0.164186, 1.499000
1249.843750, 119.968597, 84.334709, 351.105530, -0.577672, 0.270952, 1.518000
1121.918823, 119.843674, 128.231812, 351.377045, -0.470423, 0.272202, 1.525000
802.798340, 432.894104, 238.097916, 251.692978, -0.180502, 0.020114, 1.407000
1058.875000, 433.208252, 151.229309, 251.096710, -0.396179, 0.020914, 1.463000
1058.875000, 176.918823, 150.506516, 332.649597, -0.411925, 0.222711, 1.512000
803.113953, 176.878052, 237.828873, 332.382996, -0.196059, 0.222269, 1.509000
868.798340, 341.894104, 215.557358, 280.264099, -0.249111, 0.092931, 1.501000
1124.875000, 342.208252, 128.158234, 280.123901, -0.455308, 0.091383, 1.476000
1124.875000, 85.903206, 127.533287, 361.910065, -0.471991, 0.296657, 1.522000
869.113953, 85.862419, 215.384415, 361.606506, -0.254090, 0.298412, 1.531000
440.856354, 619.875000, 358.373718, 193.332001, 0.092380, -0.109511, 1.353000
568.875000, 619.875000, 315.683838, 193.208282, -0.002905, -0.108944, 1.346000
568.875000, 492.006104, 316.314850, 232.963455, -0.000721, -0.023409, 1.385000
440.956390, 491.837433, 358.948883, 233.345795, 0.094223, -0.021059, 1.380000
1126.875000, 311.875000, 127.243980, 289.683685, -0.462067, 0.114269, 1.490000
1254.875000, 311.875000, 82.933258, 289.532349, -0.566525, 0.113195, 1.476000
1254.875000, 183.918701, 82.662064, 330.508026, -0.579191, 0.217313, 1.509000
1126.875000, 183.862442, 126.841873, 330.408630, -0.467314, 0.215873, 1.499000
535.875000, 726.968872, 326.225647, 159.276779, 0.021031, -0.181352, 1.326000
664.018494, 726.843750, 283.387604, 159.208359, -0.072477, -0.181626, 1.328000
663.824890, 598.912415, 283.729523, 199.066650, -0.074496, -0.097034, 1.365000
535.875000, 598.868713, 326.650513, 199.374908, 0.021490, -0.096323, 1.355000
801.818970, 713.875000, 237.384659, 162.862122, -0.175791, -0.178380, 1.353000
929.999878, 713.875000, 194.915192, 162.390884, -0.278304, -0.183126, 1.389000
929.843567, 585.875000, 195.106262, 202.723999, -0.285766, -0.095140, 1.438000
802.025208, 585.875000, 236.924911, 202.998856, -0.181954, -0.091501, 1.383000
771.862549, 693.918823, 246.389648, 169.280685, -0.153886, -0.160783, 1.336000
899.949890, 693.862549, 204.973312, 168.879013, -0.259599, -0.172126, 1.411000
899.862427, 565.875000, 205.189407, 208.989365, -0.263487, -0.081367, 1.445000
771.950073, 565.875000, 247.001801, 209.287674, -0.155672, -0.074949, 1.371000
845.843750, 191.975174, 223.395050, 328.024323, -0.229747, 0.211514, 1.503000
973.949890, 191.837555, 180.019867, 328.142242, -0.340526, 0.214610, 1.525000
973.862427, 63.874996, 179.479156, 368.870819, -0.349547, 0.320756, 1.554000
845.968872, 63.875004, 223.077621, 368.680817, -0.232652, 0.314151, 1.522000
577.862488, 437.968872, 312.457581, 250.500366, -0.009859, 0.017639, 1.394000
705.931152, 437.843811, 270.170135, 250.326050, -0.105612, 0.017614, 1.392000
705.849915, 309.875000, 270.240753, 290.432495, -0.108950, 0.112486, 1.436000
577.918823, 309.875000, 313.384583, 290.471954, -0.007793, 0.112329, 1.434000
871.798340, 386.894104, 214.449463, 265.988892, -0.246710, 0.054881, 1.472000
1127.875000, 387.208252, 127.099091, 265.885712, -0.453694, 0.054545, 1.463000
1127.875000, 130.875000, 126.784225, 347.517181, -0.475419, 0.262186, 1.525000
872.113953, 130.875000, 214.277481, 347.123230, -0.256933, 0.263561, 1.533000
997.798340, 532.894165, 171.716141, 219.570175, -0.343727, -0.055230, 1.444000
1253.875000, 533.208191, 83.031326, 218.688385, -0.547291, -0.057122, 1.432000
1253.875000, 276.875000, 83.358879, 300.551422, -0.569458, 0.141181, 1.490000
998.113953, 276.875000, 171.454803, 300.412628, -0.358247, 0.142602, 1.505000
654.850037, 488.968903, 286.752838, 234.394730, -0.068881, -0.018888, 1.387000
783.055969, 488.843689, 243.843948, 234.059875, -0.166576, -0.018888, 1.387000
782.818604, 360.924896, 243.808868, 273.948425, -0.171740, 0.072099, 1.430000
654.931335, 360.856201, 286.890778, 274.200806, -0.070619, 0.074031, 1.422000
808.798340, 435.894104, 236.120377, 250.770828, -0.186822, 0.017968, 1.420000
1064.875000, 436.208252, 149.044312, 250.117355, -0.400972, 0.018512, 1.463000
1064.875000, 179.898682, 148.521408, 331.429474, -0.420462, 0.222122, 1.525000
809.113953, 179.866943, 235.723541, 331.281555, -0.201669, 0.220519, 1.514000
438.798309, 663.894165, 358.989380, 179.464401, 0.091083, -0.138638, 1.334000
694.875000, 664.208191, 273.149323, 178.902908, -0.094798, -0.141040, 1.336000
694.875000, 407.903198, 273.877594, 259.223480, -0.099410, 0.038431, 1.401000
439.113983, 407.862427, 359.960754, 260.030090, 0.098511, 0.040964, 1.409000
569.875000, 686.875000, 314.717590, 171.838425, -0.005072, -0.156396, 1.336000
698.056030, 686.875000, 272.014160, 171.586441, -0.096624, -0.155810, 1.331000
697.818542, 558.875000, 272.305298, 211.555283, -0.099527, -0.070447, 1.371000
569.875000, 558.875000, 315.296082, 211.993835, -0.002951, -0.070241, 1.367000
785.868835, 279.875000, 243.593811, 299.928223, -0.178706, 0.138548, 1.488000
913.968628, 279.875000, 200.623077, 300.313110, -0.286754, 0.142602, 1.505000
913.843689, 151.918686, 200.554413, 340.535217, -0.288469, 0.242893, 1.514000
785.943848, 151.862473, 243.793365, 340.472168, -0.183150, 0.244658, 1.525000
598.868774, 700.943848, 308.626251, 164.400421, -0.021841, -0.206076, 1.603000
726.968628, 700.868774, 268.515900, 164.596481, -0.147451, -0.239501, 1.863000
726.843628, 572.906189, 267.139282, 204.776123, -0.142424, -0.110853, 1.763000
598.912537, 572.875000, 310.332672, 205.079315, -0.017831, -0.105509, 1.723000
6.798322, 683.894165, 518.172974, 170.615677, 0.710617, -0.255334, 2.151000
262.875000, 684.208191, 428.987640, 170.868393, 0.383262, -0.248686, 2.095000
262.875000, 427.898682, 429.119568, 252.800430, 0.339626, 0.029325, 1.840000
7.113966, 427.866943, 519.331970, 253.377396, 0.632800, 0.033506, 1.906000
1015.843811, 310.931335, 161.731873, 290.304108, -0.418009, 0.128700, 1.643000
1143.875000, 310.850067, 116.452156, 290.302948, -0.525337, 0.125410, 1.601000
1143.875000, 183.056015, 113.079002, 333.293701, -0.514554, 0.230108, 1.545000
1015.968933, 182.818695, 158.833282, 333.434296, -0.403003, 0.231449, 1.554000
64.875000, 244.962616, 499.678131, 314.283691, 0.522478, 0.205574, 1.746000
192.949890, 244.850052, 454.090942, 314.196594, 0.389266, 0.203219, 1.726000
192.862488, 116.974854, 454.259277, 357.883179, 0.368292, 0.307567, 1.633000
64.875000, 116.837364, 500.366669, 358.179016, 0.491941, 0.310629, 1.635000
270.875000, 601.875000, 425.813690, 196.849518, 0.356767, -0.152330, 2.004000
398.906219, 601.875000, 382.112946, 196.675049, 0.211632, -0.149518, 1.967000
398.875000, 473.968628, 381.523285, 237.804810, 0.196649, -0.016133, 1.856000
270.875000, 473.843628, 425.601959, 237.879181, 0.335759, -0.016393, 1.886000
41.850079, 548.875000, 506.260773, 213.772415, 0.628565, -0.097305, 2.023000
169.875000, 548.875000, 461.690613, 214.077667, 0.469491, -0.092033, 1.981000
169.875000, 420.968628, 461.762634, 255.220016, 0.446266, 0.039286, 1.883000
41.931351, 420.843689, 506.897278, 255.412292, 0.589105, 0.039557, 1.896000
820.862549, 341.943848, 231.652542, 280.553040, -0.237024, 0.105004, 1.696000
948.918701, 341.868805, 187.098434, 280.131714, -0.352907, 0.103147, 1.666000
948.862488, 213.987366, 184.671814, 322.651520, -0.343755, 0.207569, 1.586000
820.950073, 213.856201, 229.638565, 323.147125, -0.230280, 0.213354, 1.610000
427.856384, 558.875000, 371.277222, 210.469299, 0.171979, -0.101809, 1.920000
555.906250, 558.875000, 327.402039, 210.122498, 0.033002, -0.100006, 1.886000
555.875000, 430.912476, 326.052307, 251.274445, 0.028342, 0.025546, 1.787000
427.987640, 430.868744, 370.903992, 251.629608, 0.159601, 0.025946, 1.815000
21.862534, 704.925049, 512.933655, 163.901657, 0.699413, -0.284093, 2.182000
149.875000, 704.856323, 468.585876, 163.835800, 0.532209, -0.278885, 2.142000
149.875000, 576.875000, 468.464600, 204.679855, 0.501648, -0.126949, 2.019000
21.918804, 576.875000, 513.417786, 204.619217, 0.659494, -0.128710, 2.047000
87.798325, 495.894104, 489.927826, 230.908646, 0.553279, -0.039484, 1.956000
343.875000, 496.208252, 400.794891, 231.131287, 0.259896, -0.035159, 1.896000
343.875000, 239.910263, 400.144043, 315.070953, 0.232070, 0.202114, 1.693000
88.113960, 239.870987, 491.131622, 315.968567, 0.494734, 0.206411, 1.729000
233.837540, 457.956390, 438.532867, 243.119415, 0.375323, 0.002184, 1.883000
361.931152, 457.856293, 394.353821, 243.323395, 0.235790, 0.002149, 1.853000
361.849945, 329.912445, 393.737457, 284.946808, 0.220068, 0.119978, 1.752000
233.975143, 329.868744, 438.596436, 285.490784, 0.354992, 0.124888, 1.781000
864.856323, 327.931335, 215.799850, 285.026276, -0.277491, 0.117245, 1.672000
992.918701, 327.850067, 171.252045, 284.814362, -0.394667, 0.113541, 1.658000
992.862488, 200.024780, 168.476486, 327.498535, -0.382649, 0.219060, 1.575000
864.956421, 199.818680, 213.619263, 327.707397, -0.269260, 0.221285, 1.591000
13.798322, 360.894104, 517.112915, 275.559174, 0.604860, 0.098813, 1.840000
269.875000, 361.208252, 426.501892, 275.201691, 0.322140, 0.096289, 1.793000
269.875000, 104.918831, 426.440155, 361.692932, 0.290698, 0.315369, 1.618000
14.113953, 104.878044, 519.292175, 362.520203, 0.544487, 0.322350, 1.640000
1138.862549, 303.918823, 116.646149, 292.744232, -0.525337, 0.130668, 1.601000
1266.968628, 303.862518, 71.009384, 292.358856, -0.628081, 0.127567, 1.563000
1266.843628, 175.918686, 67.777061, 335.318604, -0.619127, 0.230768, 1.516000
1138.918823, 175.862457, 113.910561, 335.926636, -0.512223, 0.234117, 1.538000
1090.875000, 243.025208, 132.883591, 313.170593, -0.477640, 0.183667, 1.582000
1218.875000, 242.818954, 87.183563, 313.201874, -0.587868, 0.181693, 1.565000
1218.875000, 114.875000, 83.272842, 356.850830, -0.569458, 0.278187, 1.490000
1090.875000, 114.875000, 129.682312, 356.882477, -0.463936, 0.282295, 1.512000
611.862549, 398.906281, 305.912323, 262.152435, -0.032313, 0.056399, 1.743000
739.968628, 398.875000, 261.612091, 261.913849, -0.157395, 0.053352, 1.737000
739.843628, 270.875000, 260.048248, 303.862061, -0.152030, 0.164270, 1.648000
611.918823, 270.875000, 304.622284, 304.038269, -0.033675, 0.169103, 1.669000
1048.875000, 234.950089, 148.007095, 316.078033, -0.436730, 0.191702, 1.584000
1176.875000, 234.862579, 102.465500, 315.849121, -0.549414, 0.186833, 1.565000
1176.875000, 106.987373, 98.571159, 359.752777, -0.533563, 0.285910, 1.492000
1048.875000, 106.856125, 144.666214, 359.773499, -0.424245, 0.288018, 1.503000
7.875000, 140.875000, 521.241394, 350.231781, 0.555895, 0.293219, 1.658000
135.875000, 140.875000, 475.101257, 350.104401, 0.428364, 0.291451, 1.648000
135.875000, 12.906217, 475.767456, 394.236237, 0.408090, 0.391084, 1.570000
7.875000, 12.874972, 522.224731, 395.164337, 0.531320, 0.395417, 1.577000
664.875000, 484.975128, 287.625732, 234.073380, -0.083706, -0.023736, 1.743000
792.962341, 484.837524, 243.135803, 233.506744, -0.205968, -0.026171, 1.715000
792.849915, 356.875000, 242.707596, 275.131348, -0.209143, 0.092262, 1.718000
664.875000, 356.875000, 287.056641, 275.351013, -0.082889, 0.092691, 1.726000
311.798309, 598.894165, 411.796356, 197.734589, 0.305071, -0.146288, 1.967000
567.875000, 599.208191, 323.251099, 197.327393, 0.021170, -0.143834, 1.934000
567.875000, 342.885071, 321.416229, 280.239594, 0.013307, 0.107419, 1.735000
312.113953, 342.880554, 411.039673, 280.916138, 0.273121, 0.109028, 1.761000
326.856262, 217.950104, 405.360596, 323.028168, 0.242885, 0.221570, 1.672000
454.968628, 217.862518, 360.550842, 322.801392, 0.118851, 0.217385, 1.661000
454.843658, 89.918686, 359.810699, 366.285950, 0.109278, 0.317481, 1.563000
326.925079, 89.862465, 405.347961, 366.728638, 0.230102, 0.321746, 1.584000
248.798325, 681.894165, 433.774017, 171.189072, 0.398892, -0.244310, 2.087000
504.875000, 682.208191, 346.023071, 170.959595, 0.097631, -0.238359, 2.008000
504.875000, 425.898682, 344.150848, 253.039795, 0.082029, 0.031801, 1.809000
249.113953, 425.866943, 433.356598, 253.592636, 0.353020, 0.032469, 1.847000
770.856323, 284.875000, 248.496704, 299.684570, -0.185320, 0.154191, 1.656000
898.956177, 284.875000, 203.864548, 299.343597, -0.305902, 0.153446, 1.648000
898.856140, 156.875000, 201.419037, 342.374054, -0.295245, 0.255887, 1.563000
770.956360, 156.875000, 246.632446, 342.642181, -0.181415, 0.257852, 1.575000
838.856323, 170.943832, 222.513504, 338.097565, -0.242870, 0.247036, 1.572000
967.006104, 170.868744, 177.215057, 337.937317, -0.356692, 0.243055, 1.563000
966.837402, 42.924911, 174.194443, 382.109955, -0.343624, 0.338127, 1.474000
838.987671, 42.856243, 219.685486, 382.130280, -0.238639, 0.343403, 1.497000
362.868774, 456.968872, 393.500214, 243.520172, 0.231498, 0.002137, 1.843000
490.968597, 456.843781, 349.234650, 243.299637, 0.097167, 0.002105, 1.815000
490.843628, 328.875000, 348.441284, 285.052399, 0.089263, 0.120611, 1.720000
362.912537, 328.875000, 393.107452, 285.314453, 0.218184, 0.121803, 1.737000
273.875000, 358.943817, 424.348114, 275.761139, 0.317324, 0.096612, 1.799000
401.949921, 358.868774, 379.995361, 275.621429, 0.181635, 0.095000, 1.769000
401.862488, 230.987366, 379.402435, 318.150757, 0.170238, 0.206102, 1.658000
273.875000, 230.856125, 424.402344, 318.426239, 0.300038, 0.211448, 1.701000
62.798321, 409.894104, 499.242218, 259.172577, 0.562278, 0.051543, 1.879000
318.875000, 410.208252, 409.398254, 259.098022, 0.276006, 0.049870, 1.818000
318.875000, 153.875000, 408.677246, 344.675140, 0.246296, 0.273879, 1.640000
63.113956, 153.875000, 501.031464, 345.313995, 0.502484, 0.280113, 1.661000
773.798340, 511.894135, 249.499710, 225.076019, -0.188782, -0.048614, 1.712000
1029.875000, 512.208252, 160.275024, 224.311050, -0.428126, -0.050223, 1.672000
1029.875000, 255.875000, 156.820709, 308.330444, -0.419649, 0.172405, 1.598000
774.113953, 255.875000, 247.391403, 308.835999, -0.185648, 0.176397, 1.635000
158.798325, 527.894165, 464.971069, 220.776947, 0.474872, -0.071857, 1.963000
414.875000, 528.208191, 376.205902, 220.504105, 0.187020, -0.070027, 1.913000
414.875000, 271.875000, 375.121887, 304.284576, 0.164085, 0.172954, 1.707000
159.113953, 271.875000, 465.405243, 304.906921, 0.424506, 0.176601, 1.743000
540.798340, 517.894165, 331.844818, 223.414459, 0.044325, -0.058386, 1.843000
796.875000, 518.208191, 242.295105, 223.017090, -0.209386, -0.054489, 1.720000
796.875000, 261.875000, 240.111542, 306.648743, -0.205395, 0.171865, 1.643000
541.113953, 261.875000, 329.599762, 307.184235, 0.034672, 0.177325, 1.669000
21.798321, 422.894104, 513.898621, 255.092590, 0.610845, 0.039557, 1.896000
277.875000, 423.208252, 423.828247, 254.623535, 0.321018, 0.035310, 1.837000
277.875000, 166.875000, 423.626587, 340.135437, 0.288864, 0.265193, 1.653000
22.113956, 166.875000, 515.805908, 341.174286, 0.552617, 0.275200, 1.698000
589.798340, 469.894104, 314.213806, 239.168289, -0.006739, -0.009600, 1.775000
845.875000, 470.208252, 224.985229, 238.315384, -0.254808, -0.011880, 1.685000
845.875000, 213.898682, 221.768173, 323.041901, -0.249973, 0.212161, 1.601000
590.113953, 213.866943, 311.879211, 323.159485, -0.014242, 0.216667, 1.635000
1064.875000, 188.925064, 140.865891, 331.697510, -0.448822, 0.226346, 1.554000
1192.931152, 188.856293, 95.260239, 331.831696, -0.559021, 0.224598, 1.542000
1192.849976, 60.918686, 91.391586, 375.907013, -0.541074, 0.319442, 1.466000
1064.875000, 60.862442, 137.498322, 375.968719, -0.432960, 0.321185, 1.474000
911.798340, 269.894104, 197.982864, 304.535217, -0.318581, 0.165152, 1.630000
1167.875000, 270.208252, 106.637520, 304.030365, -0.547428, 0.160998, 1.589000
1167.875000, 13.910269, 99.437614, 392.295593, -0.509048, 0.351514, 1.430000
912.113953, 13.870980, 192.424805, 392.378143, -0.298535, 0.360363, 1.466000
12.875023, 538.906250, 516.682983, 216.986740, 0.659086, -0.086995, 2.015000
140.875000, 538.875061, 471.836304, 217.210022, 0.503968, -0.082607, 1.989000
140.875000, 410.987366, 471.866730, 258.617889, 0.474576, 0.048303, 1.873000
12.906285, 410.856140, 517.336853, 258.943970, 0.622282, 0.048819, 1.893000
330.875000, 486.025208, 404.877563, 233.980042, 0.269877, -0.028674, 1.879000
458.943634, 485.818848, 360.676819, 233.767105, 0.133520, -0.028475, 1.866000
458.868683, 357.875000, 359.853638, 275.442749, 0.122073, 0.093765, 1.746000
330.875000, 357.875000, 404.421509, 275.978363, 0.256233, 0.095806, 1.784000
627.798340, 520.894165, 300.930267, 222.371292, -0.046509, -0.057980, 1.740000
883.875000, 521.208191, 211.708160, 221.848038, -0.295347, -0.059858, 1.712000
883.875000, 264.875000, 209.246536, 305.821106, -0.287420, 0.168343, 1.635000
628.113953, 264.875000, 299.071899, 306.031067, -0.047118, 0.173748, 1.661000
129.875000, 286.875000, 475.778137, 299.993835, 0.458256, 0.164154, 1.763000
257.875000, 286.875000, 430.655487, 300.079346, 0.323460, 0.164585, 1.737000
257.875000, 158.875000, 430.572479, 342.933350, 0.307445, 0.270294, 1.651000
129.875000, 158.875000, 476.604980, 343.394501, 0.435772, 0.275485, 1.666000
1095.875000, 385.950073, 133.493347, 265.215088, -0.481355, 0.059765, 1.603000
1223.918701, 385.862549, 87.765923, 264.959686, -0.584487, 0.055458, 1.556000
1223.862427, 257.875000, 85.620201, 307.468903, -0.594131, 0.166594, 1.568000
1095.875000, 257.875000, 131.688248, 307.602844, -0.483875, 0.169356, 1.594000
63.798325, 535.894165, 498.469391, 218.052139, 0.596401, -0.079939, 2.004000
319.875000, 536.208191, 408.945465, 217.826538, 0.289398, -0.080032, 1.927000
319.875000, 279.875000, 408.836212, 301.733002, 0.259211, 0.166377, 1.726000
64.113960, 279.875000, 499.676880, 302.489258, 0.528463, 0.173132, 1.766000
669.875000, 363.918793, 285.134979, 273.731903, -0.088698, 0.087174, 1.729000
797.906189, 363.862549, 240.852341, 273.273743, -0.214771, 0.086620, 1.718000
797.875000, 235.968628, 238.847717, 315.467590, -0.208469, 0.193996, 1.625000
669.875000, 235.843628, 283.646576, 315.751831, -0.089396, 0.195548, 1.638000
881.798340, 375.894104, 210.567856, 268.932159, -0.296236, 0.071798, 1.701000
1137.875000, 376.208252, 119.692352, 268.898621, -0.513591, 0.067070, 1.589000
1137.875000, 119.910271, 113.878014, 355.008545, -0.500566, 0.278147, 1.503000
882.113953, 119.870979, 205.781006, 354.900482, -0.280810, 0.282465, 1.540000
352.850067, 674.875000, 397.963867, 173.180664, 0.270007, -0.232450, 2.043000
480.962402, 674.875000, 354.130310, 173.372787, 0.123698, -0.228012, 2.004000
480.849884, 546.875000, 353.344635, 213.756165, 0.115368, -0.092351, 1.920000
352.931335, 546.875000, 397.390717, 213.881836, 0.254279, -0.092544, 1.924000
366.875000, 252.968872, 391.213806, 311.375305, 0.207722, 0.191558, 1.698000
494.943665, 252.843811, 346.510559, 310.876312, 0.081149, 0.185546, 1.669000
494.868713, 124.956146, 345.636383, 354.129059, 0.074421, 0.290536, 1.584000
366.875000, 124.856155, 391.009369, 354.525269, 0.196101, 0.294021, 1.603000
151.862549, 276.875000, 467.889343, 303.340363, 0.432438, 0.174636, 1.752000
279.875000, 276.875000, 423.001343, 303.201019, 0.301096, 0.171746, 1.723000
279.875000, 148.937408, 422.672394, 346.428375, 0.283559, 0.278924, 1.638000
151.918823, 148.843689, 468.555237, 346.987793, 0.411456, 0.281989, 1.656000
219.843781, 404.962646, 443.583862, 260.824463, 0.381200, 0.053408, 1.837000
347.875000, 404.850098, 398.902313, 260.526886, 0.242044, 0.052594, 1.809000
347.875000, 276.875000, 398.787415, 302.695068, 0.230939, 0.169211, 1.726000
219.968872, 276.875000, 443.639008, 303.246155, 0.362316, 0.174038, 1.746000
99.818954, 599.875000, 485.940033, 197.408585, 0.565607, -0.152238, 2.047000
227.962387, 599.875000, 441.200439, 197.528732, 0.413170, -0.150453, 2.023000
227.849976, 471.968597, 441.136475, 238.530518, 0.388049, -0.013395, 1.900000
100.025253, 471.843781, 485.873810, 238.599304, 0.534384, -0.013635, 1.934000
227.798325, 370.894104, 440.839691, 271.788147, 0.368931, 0.085833, 1.821000
483.875000, 371.208252, 351.164581, 271.780823, 0.099193, 0.082298, 1.746000
483.875000, 114.908760, 349.559387, 357.789398, 0.084158, 0.296078, 1.572000
228.113953, 114.872490, 441.030945, 358.074127, 0.332496, 0.309299, 1.628000
180.850082, 136.875000, 458.013031, 351.159882, 0.382473, 0.294157, 1.648000
308.875000, 136.875000, 412.389587, 350.681000, 0.255161, 0.287914, 1.628000
308.875000, 8.906217, 412.534027, 395.059631, 0.241682, 0.386641, 1.542000
180.931335, 8.874986, 458.576294, 395.638489, 0.362282, 0.391405, 1.561000
126.843742, 246.006454, 477.153412, 313.787933, 0.455083, 0.200733, 1.729000
254.943649, 245.837570, 431.727997, 313.890106, 0.321609, 0.198760, 1.712000
254.868729, 117.968620, 431.736938, 357.091644, 0.304890, 0.305684, 1.623000
126.968903, 117.843719, 477.763184, 357.714508, 0.431131, 0.308509, 1.638000
413.868805, 131.875000, 374.131073, 352.067017, 0.150612, 0.287135, 1.594000
541.875000, 131.875000, 328.900482, 351.910339, 0.030216, 0.281841, 1.579000
541.875000, 3.875003, 327.844330, 396.123291, 0.026265, 0.378825, 1.501000
413.912537, 3.874997, 373.607941, 396.225281, 0.140758, 0.382611, 1.516000
756.798340, 517.894165, 255.459167, 223.110199, -0.171956, -0.054236, 1.712000
1012.875000, 518.208191, 166.364899, 222.222305, -0.410955, -0.055614, 1.669000
1012.875000, 261.875000, 163.066269, 306.200012, -0.407604, 0.169773, 1.623000
757.113953, 261.875000, 253.531128, 306.855804, -0.170097, 0.171551, 1.640000
822.862488, 233.975143, 229.017868, 316.772247, -0.232139, 0.196422, 1.623000
950.949890, 233.837555, 184.321793, 316.671692, -0.347006, 0.193759, 1.601000
950.862488, 105.956146, 181.464645, 360.143341, -0.335589, 0.292612, 1.514000
822.918823, 105.856186, 227.186722, 360.191895, -0.225313, 0.297637, 1.540000
115.850113, 255.875000, 481.065521, 310.787903, 0.465603, 0.191883, 1.726000
243.918701, 255.875000, 435.607025, 310.401611, 0.334965, 0.191549, 1.723000
243.862442, 127.875000, 435.976898, 353.799225, 0.317468, 0.296842, 1.633000
115.962608, 127.875000, 481.675995, 354.005615, 0.445371, 0.302825, 1.651000
761.798340, 389.894104, 253.071869, 264.863464, -0.179328, 0.061624, 1.729000
1017.875000, 390.208252, 163.394821, 264.264740, -0.415138, 0.058915, 1.653000
1017.875000, 133.875000, 158.019424, 350.161652, -0.398335, 0.271643, 1.536000
762.113953, 133.875000, 249.506851, 350.399597, -0.172352, 0.276418, 1.563000
967.862549, 404.962616, 179.949875, 259.666382, -0.372490, 0.045426, 1.656000
1095.875000, 404.850098, 135.106262, 258.694916, -0.474618, 0.041211, 1.598000
1095.875000, 276.875000, 133.114685, 301.321838, -0.482856, 0.155002, 1.608000
967.950073, 276.875000, 178.478958, 301.187347, -0.370444, 0.157605, 1.635000
887.868774, 217.950089, 205.526337, 322.127747, -0.291021, 0.208878, 1.596000
1015.968628, 217.862518, 160.448639, 321.824341, -0.405593, 0.204706, 1.584000
1015.843689, 89.918686, 157.383865, 365.611755, -0.392239, 0.302826, 1.503000
887.943848, 89.862473, 203.024261, 365.539429, -0.282143, 0.306251, 1.520000
163.798325, 465.894104, 463.163879, 240.846237, 0.460604, -0.007220, 1.917000
419.875000, 466.208252, 374.160614, 240.548569, 0.174139, -0.006941, 1.843000
419.875000, 209.918823, 372.959656, 325.105774, 0.150589, 0.224209, 1.651000
164.113953, 209.878052, 463.901459, 325.927368, 0.410146, 0.231814, 1.707000
112.798325, 261.894104, 482.076691, 308.670868, 0.470872, 0.187186, 1.735000
368.875000, 262.208252, 391.091827, 308.074799, 0.207111, 0.182655, 1.693000
368.875000, 5.920834, 390.752930, 395.793854, 0.184785, 0.383883, 1.531000
113.113976, 5.860415, 483.485321, 396.973724, 0.428664, 0.396240, 1.570000
278.868805, 550.875000, 423.016479, 212.976242, 0.339192, -0.096548, 1.941000
406.956146, 550.875000, 379.132263, 212.860809, 0.197140, -0.095504, 1.920000
406.856232, 422.968597, 378.374451, 254.167389, 0.183689, 0.034945, 1.818000
278.912567, 422.843658, 423.076294, 254.459152, 0.321018, 0.035310, 1.837000
1088.875000, 473.968872, 136.896667, 236.341843, -0.482930, -0.016896, 1.635000
1216.875000, 473.843872, 92.874664, 235.733032, -0.589013, -0.019198, 1.603000
1216.875000, 345.875000, 89.123672, 277.938049, -0.581996, 0.089070, 1.563000
1088.875000, 345.875000, 135.661377, 277.970551, -0.479668, 0.092034, 1.615000
473.798309, 400.894104, 354.206207, 261.800232, 0.110674, 0.055072, 1.793000
729.875000, 401.208252, 265.093781, 261.277588, -0.146266, 0.053445, 1.740000
729.875000, 144.875000, 261.888428, 346.628265, -0.142716, 0.268196, 1.575000
474.113953, 144.875000, 352.676758, 347.050995, 0.093285, 0.274393, 1.596000
206.868774, 441.943817, 448.284271, 248.609665, 0.408325, 0.017737, 1.893000
334.875000, 441.868805, 403.803314, 248.458893, 0.260410, 0.017184, 1.834000
334.875000, 313.875000, 403.398041, 290.672577, 0.246353, 0.135907, 1.735000
206.912537, 313.875000, 448.091278, 290.664032, 0.381578, 0.138570, 1.769000
1007.798340, 507.894104, 166.589478, 225.553391, -0.411693, -0.047478, 1.672000
1263.875000, 508.208252, 76.270378, 224.448700, -0.635749, -0.048511, 1.615000
1263.875000, 251.920334, 70.518013, 309.489655, -0.629834, 0.170976, 1.561000
1008.113953, 251.876541, 163.556976, 309.792053, -0.403335, 0.175905, 1.606000
523.798340, 512.894165, 337.752777, 225.130463, 0.062438, -0.052334, 1.843000
779.875000, 513.208191, 248.235580, 224.759766, -0.191251, -0.051335, 1.709000
779.875000, 256.875000, 245.987366, 308.416138, -0.190770, 0.176181, 1.633000
524.113953, 256.875000, 335.559784, 309.112823, 0.050831, 0.181929, 1.661000
724.798340, 487.894104, 266.797424, 232.926575, -0.141768, -0.029072, 1.720000
980.875000, 488.208252, 177.277512, 232.269897, -0.378372, -0.028024, 1.658000
980.875000, 231.885071, 173.979156, 316.740265, -0.373037, 0.192307, 1.589000
725.113953, 231.880554, 264.267456, 317.015320, -0.140118, 0.200559, 1.635000
359.798309, 273.894104, 393.872833, 303.948273, 0.214667, 0.170350, 1.709000
615.875000, 274.208252, 303.841125, 303.982727, -0.036300, 0.165865, 1.664000
615.875000, 17.885078, 301.312134, 390.936249, -0.037812, 0.365493, 1.507000
360.113953, 17.880547, 393.194000, 391.694916, 0.193439, 0.376025, 1.540000
1054.875000, 463.962616, 149.064865, 239.824112, -0.448113, -0.008842, 1.635000
1182.875000, 463.850098, 104.533180, 239.199066, -0.562720, -0.008751, 1.618000
1182.875000, 335.931183, 101.835831, 281.247284, -0.559385, 0.100798, 1.586000
1054.875000, 335.849915, 147.923386, 281.271515, -0.451528, 0.103467, 1.628000
517.798340, 466.894104, 339.393860, 240.082993, 0.067547, -0.006847, 1.818000
773.875000, 467.208252, 250.303131, 239.879990, -0.186847, -0.009302, 1.720000
773.875000, 210.885071, 247.228775, 324.011261, -0.183150, 0.216400, 1.613000
518.113953, 210.880554, 337.407684, 324.542480, 0.055561, 0.220022, 1.640000
217.798325, 616.894165, 444.371246, 192.164597, 0.424784, -0.167722, 2.031000
473.875000, 617.208191, 356.240936, 191.508591, 0.128053, -0.165919, 1.970000
473.875000, 360.910278, 354.578827, 274.420563, 0.107958, 0.091055, 1.749000
218.113953, 360.870972, 444.090118, 275.205902, 0.376261, 0.096612, 1.799000
161.875000, 162.875000, 464.917480, 342.044586, 0.403024, 0.272750, 1.666000
289.875000, 162.875000, 419.286438, 341.985840, 0.276855, 0.266773, 1.646000
289.875000, 34.874996, 419.338745, 385.907135, 0.262559, 0.365774, 1.561000
161.875000, 34.875004, 465.306763, 386.509918, 0.382372, 0.370461, 1.570000
442.875000, 459.875000, 365.571167, 242.402542, 0.146012, -0.000883, 1.831000
570.875000, 459.875000, 321.332306, 242.274887, 0.013683, -0.000860, 1.784000
570.875000, 332.018555, 320.264008, 283.842194, 0.010363, 0.114829, 1.718000
442.875000, 331.824799, 364.886841, 284.179962, 0.135280, 0.118609, 1.732000
396.798309, 286.894104, 380.906586, 299.915314, 0.178900, 0.159684, 1.715000
652.875000, 287.208252, 290.904175, 299.382660, -0.072511, 0.156612, 1.682000
652.875000, 30.935446, 288.050873, 386.575928, -0.069811, 0.355123, 1.505000
397.113983, 30.861429, 379.731476, 386.963379, 0.158636, 0.364562, 1.545000
583.875000, 522.875000, 316.155090, 221.797897, -0.000919, -0.061746, 1.766000
711.949890, 522.875000, 271.564056, 221.685410, -0.127532, -0.060068, 1.718000
711.862427, 394.924927, 271.519928, 262.766113, -0.130056, 0.056690, 1.752000
583.875000, 394.856171, 315.865753, 263.172302, -0.003788, 0.059669, 1.755000
611.798340, 456.894104, 306.378479, 243.236969, -0.029661, 0.002035, 1.755000
867.875000, 457.208252, 217.306610, 242.566177, -0.273315, -0.000810, 1.680000
867.875000, 200.920837, 213.500336, 327.301483, -0.268922, 0.221007, 1.589000
612.113953, 200.860413, 303.865875, 327.909668, -0.035340, 0.225319, 1.620000
116.798325, 353.894104, 480.217438, 277.868805, 0.487442, 0.103602, 1.818000
372.875000, 354.208252, 390.161255, 277.365601, 0.212786, 0.100468, 1.763000
372.875000, 97.932426, 389.389679, 363.681671, 0.187992, 0.312953, 1.579000
117.113968, 97.864449, 481.512268, 364.577271, 0.439706, 0.325737, 1.630000
498.798309, 420.894104, 345.687866, 254.991180, 0.084382, 0.034522, 1.796000
754.875000, 421.208252, 256.638245, 254.627304, -0.170535, 0.033176, 1.726000
754.875000, 164.875000, 253.225647, 340.020599, -0.163770, 0.253321, 1.579000
499.113953, 164.875000, 343.825165, 340.152832, 0.070718, 0.259578, 1.618000
1042.875000, 146.931335, 147.743973, 346.205536, -0.425179, 0.261044, 1.533000
1170.875000, 146.850082, 102.016769, 346.227142, -0.529053, 0.256617, 1.507000
1170.875000, 18.918697, 98.263550, 390.730225, -0.513536, 0.348273, 1.436000
1042.875000, 18.862444, 144.213226, 390.586914, -0.410696, 0.352881, 1.455000
767.837646, 296.875000, 249.608521, 295.691345, -0.183158, 0.143747, 1.661000
895.968628, 296.875000, 205.115463, 295.329773, -0.300138, 0.142449, 1.646000
895.843689, 168.968597, 202.630432, 338.218597, -0.291374, 0.244521, 1.556000
767.975159, 168.843735, 247.882355, 338.588684, -0.178835, 0.247507, 1.575000
824.843811, 221.943848, 228.368958, 320.988892, -0.233351, 0.205806, 1.613000
952.974854, 221.868759, 183.268112, 320.532257, -0.348973, 0.203892, 1.598000
952.837463, 93.943657, 180.439514, 364.320770, -0.338069, 0.302556, 1.514000
824.968872, 93.868729, 225.828491, 364.306946, -0.228413, 0.305154, 1.527000
576.798340, 499.894104, 318.802002, 229.452393, 0.004900, -0.038810, 1.778000
832.875000, 500.208252, 229.593735, 228.617218, -0.242580, -0.039805, 1.696000
832.875000, 243.897171, 226.888046, 312.698242, -0.241150, 0.186563, 1.630000
577.113953, 243.868454, 316.822906, 313.158478, -0.000858, 0.191329, 1.648000
613.798340, 486.894104, 305.751038, 233.583282, -0.032647, -0.026873, 1.761000
869.875000, 487.208252, 216.490784, 232.796158, -0.275574, -0.028345, 1.677000
869.875000, 230.896667, 213.566498, 317.097168, -0.272476, 0.197492, 1.610000
614.113892, 230.884583, 303.607483, 317.546631, -0.035668, 0.200559, 1.635000
280.798309, 523.894165, 422.119781, 221.877563, 0.333589, -0.067375, 1.927000
536.875000, 524.208191, 333.768921, 221.485046, 0.050909, -0.065138, 1.863000
536.875000, 267.875000, 331.732788, 305.443787, 0.040140, 0.171844, 1.669000
281.113953, 267.875000, 421.908386, 306.042053, 0.294594, 0.179710, 1.718000
535.875000, 499.956360, 333.490753, 229.163940, 0.050117, -0.040033, 1.834000
664.018555, 499.856232, 288.648071, 229.277069, -0.080572, -0.037915, 1.737000
663.824951, 371.968567, 288.134979, 270.251678, -0.080711, 0.079158, 1.740000
535.875000, 371.843628, 332.294647, 270.588318, 0.044775, 0.079294, 1.743000
628.862549, 333.875000, 299.267548, 283.614502, -0.048423, 0.114094, 1.707000
756.968628, 333.875000, 254.856094, 283.380676, -0.172821, 0.113158, 1.693000
756.843689, 205.924911, 252.985870, 325.724854, -0.169412, 0.218369, 1.608000
628.918823, 205.856201, 297.829590, 326.019165, -0.051420, 0.223346, 1.625000
107.862488, 332.018951, 483.494263, 285.108612, 0.491189, 0.126151, 1.799000
235.968582, 331.825043, 438.566406, 284.920166, 0.354992, 0.121964, 1.781000
235.843658, 203.906204, 438.608704, 327.738098, 0.335259, 0.233942, 1.682000
107.918808, 203.874985, 484.233398, 328.317993, 0.468042, 0.239800, 1.704000
